snapshot_date,sku,style_id,category,size,received_date,initial_quantity,quantity_sold,quantity_remaining,unit_cost_gbp,selling_price_gbp,last_sale_date,simulation_scenario
2026-10-06,SH001-5,SH001,Trainers,5,2026-09-15,15,1,14,23.25,39.79,2026-09-20,new_selling_well
2026-10-06,SH001-6,SH001,Trainers,6,2026-09-15,15,2,13,23.25,39.79,2026-09-29,new_selling_well
2026-10-06,SH001-7,SH001,Trainers,7,2026-09-15,15,6,9,23.25,39.79,2026-10-03,new_selling_well
2026-10-06,SH001-8,SH001,Trainers,8,2026-09-15,15,5,10,23.25,39.79,2026-10-06,new_selling_well
2026-10-06,SH001-9,SH001,Trainers,9,2026-09-15,15,3,12,23.25,39.79,2026-10-04,new_selling_well
2026-10-06,SH001-10,SH001,Trainers,10,2026-09-15,15,2,13,23.25,39.79,2026-09-19,new_selling_well
2026-10-06,SH002-5,SH002,Formal,5,2026-04-04,9,2,7,31.62,59.9,2026-05-10,old_fragmented
2026-10-06,SH002-6,SH002,Formal,6,2026-04-04,9,4,5,31.62,59.9,2026-06-01,old_fragmented
2026-10-06,SH002-7,SH002,Formal,7,2026-04-04,9,9,0,31.62,59.9,2026-05-31,old_fragmented
2026-10-06,SH002-8,SH002,Formal,8,2026-04-04,9,9,0,31.62,59.9,2026-05-19,old_fragmented
2026-10-06,SH002-9,SH002,Formal,9,2026-04-04,9,7,2,31.62,59.9,2026-06-22,old_fragmented
2026-10-06,SH002-10,SH002,Formal,10,2026-04-04,9,2,7,31.62,59.9,2026-04-30,old_fragmented
2026-10-06,SH003-5,SH003,Boots,5,2025-12-16,27,2,25,30.4,50.3,2026-04-15,old_steady
2026-10-06,SH003-6,SH003,Boots,6,2025-12-16,27,5,22,30.4,50.3,2026-07-13,old_steady
2026-10-06,SH003-7,SH003,Boots,7,2025-12-16,27,7,20,30.4,50.3,2026-10-03,old_steady
2026-10-06,SH003-8,SH003,Boots,8,2025-12-16,27,12,15,30.4,50.3,2026-09-25,old_steady
2026-10-06,SH003-9,SH003,Boots,9,2025-12-16,27,7,20,30.4,50.3,2026-10-02,old_steady
2026-10-06,SH003-10,SH003,Boots,10,2025-12-16,27,7,20,30.4,50.3,2026-09-14,old_steady
2026-10-06,SH004-5,SH004,Trainers,5,2026-08-23,13,0,13,27.8,49.4,,recent_slow
2026-10-06,SH004-6,SH004,Trainers,6,2026-08-23,13,0,13,27.8,49.4,,recent_slow
2026-10-06,SH004-7,SH004,Trainers,7,2026-08-23,13,1,12,27.8,49.4,2026-09-10,recent_slow
2026-10-06,SH004-8,SH004,Trainers,8,2026-08-23,13,0,13,27.8,49.4,,recent_slow
2026-10-06,SH004-9,SH004,Trainers,9,2026-08-23,13,1,12,27.8,49.4,2026-08-25,recent_slow
2026-10-06,SH004-10,SH004,Trainers,10,2026-08-23,13,0,13,27.8,49.4,,recent_slow
2026-10-06,SH005-5,SH005,Boots,5,2026-08-16,14,8,6,33.27,53.86,2026-10-01,new_selling_well
2026-10-06,SH005-6,SH005,Boots,6,2026-08-16,14,6,8,33.27,53.86,2026-10-03,new_selling_well
2026-10-06,SH005-7,SH005,Boots,7,2026-08-16,14,8,6,33.27,53.86,2026-10-06,new_selling_well
2026-10-06,SH005-8,SH005,Boots,8,2026-08-16,14,14,0,33.27,53.86,2026-10-04,new_selling_well
2026-10-06,SH005-9,SH005,Boots,9,2026-08-16,14,7,7,33.27,53.86,2026-10-04,new_selling_well
2026-10-06,SH005-10,SH005,Boots,10,2026-08-16,14,4,10,33.27,53.86,2026-10-05,new_selling_well
2026-10-06,SH006-5,SH006,Boots,5,2025-12-04,6,6,0,17.25,31.84,2026-01-30,old_fragmented
2026-10-06,SH006-6,SH006,Boots,6,2025-12-04,6,4,2,17.25,31.84,2026-02-14,old_fragmented
2026-10-06,SH006-7,SH006,Boots,7,2025-12-04,6,6,0,17.25,31.84,2026-02-19,old_fragmented
2026-10-06,SH006-8,SH006,Boots,8,2025-12-04,6,6,0,17.25,31.84,2025-12-29,old_fragmented
2026-10-06,SH006-9,SH006,Boots,9,2025-12-04,6,6,0,17.25,31.84,2026-01-05,old_fragmented
2026-10-06,SH006-10,SH006,Boots,10,2025-12-04,6,5,1,17.25,31.84,2026-02-27,old_fragmented
2026-10-06,SH007-5,SH007,Casual,5,2026-03-18,29,6,23,24.24,43.78,2026-09-13,old_steady
2026-10-06,SH007-6,SH007,Casual,6,2026-03-18,29,3,26,24.24,43.78,2026-09-29,old_steady
2026-10-06,SH007-7,SH007,Casual,7,2026-03-18,29,5,24,24.24,43.78,2026-09-19,old_steady
2026-10-06,SH007-8,SH007,Casual,8,2026-03-18,29,12,17,24.24,43.78,2026-09-30,old_steady
2026-10-06,SH007-9,SH007,Casual,9,2026-03-18,29,4,25,24.24,43.78,2026-09-02,old_steady
2026-10-06,SH007-10,SH007,Casual,10,2026-03-18,29,4,25,24.24,43.78,2026-07-04,old_steady
2026-10-06,SH008-5,SH008,Boots,5,2026-07-29,9,0,9,15.47,28.52,,recent_slow
2026-10-06,SH008-6,SH008,Boots,6,2026-07-29,9,1,8,15.47,28.52,2026-09-10,recent_slow
2026-10-06,SH008-7,SH008,Boots,7,2026-07-29,9,0,9,15.47,28.52,,recent_slow
2026-10-06,SH008-8,SH008,Boots,8,2026-07-29,9,1,8,15.47,28.52,2026-10-03,recent_slow
2026-10-06,SH008-9,SH008,Boots,9,2026-07-29,9,1,8,15.47,28.52,2026-10-01,recent_slow
2026-10-06,SH008-10,SH008,Boots,10,2026-07-29,9,1,8,15.47,28.52,2026-08-08,recent_slow
2026-10-06,SH009-5,SH009,Casual,5,2026-09-07,14,4,10,21.63,36.65,2026-10-05,new_selling_well
2026-10-06,SH009-6,SH009,Casual,6,2026-09-07,14,6,8,21.63,36.65,2026-10-04,new_selling_well
2026-10-06,SH009-7,SH009,Casual,7,2026-09-07,14,4,10,21.63,36.65,2026-09-25,new_selling_well
2026-10-06,SH009-8,SH009,Casual,8,2026-09-07,14,5,9,21.63,36.65,2026-09-22,new_selling_well
2026-10-06,SH009-9,SH009,Casual,9,2026-09-07,14,7,7,21.63,36.65,2026-10-06,new_selling_well
2026-10-06,SH009-10,SH009,Casual,10,2026-09-07,14,2,12,21.63,36.65,2026-09-27,new_selling_well
2026-10-06,SH010-5,SH010,Boots,5,2026-01-10,5,3,2,34.84,60.06,2026-02-12,old_fragmented
2026-10-06,SH010-6,SH010,Boots,6,2026-01-10,5,5,0,34.84,60.06,2026-02-07,old_fragmented
2026-10-06,SH010-7,SH010,Boots,7,2026-01-10,5,5,0,34.84,60.06,2026-02-20,old_fragmented
2026-10-06,SH010-8,SH010,Boots,8,2026-01-10,5,5,0,34.84,60.06,2026-01-29,old_fragmented
2026-10-06,SH010-9,SH010,Boots,9,2026-01-10,5,5,0,34.84,60.06,2026-02-02,old_fragmented
2026-10-06,SH010-10,SH010,Boots,10,2026-01-10,5,4,1,34.84,60.06,2026-04-02,old_fragmented
2026-10-06,SH011-5,SH011,Trainers,5,2025-10-30,30,6,24,44.18,79.95,2026-09-17,old_steady
2026-10-06,SH011-6,SH011,Trainers,6,2025-10-30,30,12,18,44.18,79.95,2026-09-30,old_steady
2026-10-06,SH011-7,SH011,Trainers,7,2025-10-30,30,13,17,44.18,79.95,2026-10-01,old_steady
2026-10-06,SH011-8,SH011,Trainers,8,2025-10-30,30,17,13,44.18,79.95,2026-09-11,old_steady
2026-10-06,SH011-9,SH011,Trainers,9,2025-10-30,30,11,19,44.18,79.95,2026-08-25,old_steady
2026-10-06,SH011-10,SH011,Trainers,10,2025-10-30,30,7,23,44.18,79.95,2026-08-01,old_steady
2026-10-06,SH012-5,SH012,Formal,5,2026-07-30,11,0,11,34.51,57.64,,recent_slow
2026-10-06,SH012-6,SH012,Formal,6,2026-07-30,11,1,10,34.51,57.64,2026-09-09,recent_slow
2026-10-06,SH012-7,SH012,Formal,7,2026-07-30,11,1,10,34.51,57.64,2026-09-21,recent_slow
2026-10-06,SH012-8,SH012,Formal,8,2026-07-30,11,0,11,34.51,57.64,,recent_slow
2026-10-06,SH012-9,SH012,Formal,9,2026-07-30,11,1,10,34.51,57.64,2026-08-09,recent_slow
2026-10-06,SH012-10,SH012,Formal,10,2026-07-30,11,0,11,34.51,57.64,,recent_slow
2026-10-06,SH013-5,SH013,Trainers,5,2026-09-16,11,1,10,18.15,31.97,2026-09-30,new_selling_well
2026-10-06,SH013-6,SH013,Trainers,6,2026-09-16,11,4,7,18.15,31.97,2026-10-06,new_selling_well
2026-10-06,SH013-7,SH013,Trainers,7,2026-09-16,11,2,9,18.15,31.97,2026-09-30,new_selling_well
2026-10-06,SH013-8,SH013,Trainers,8,2026-09-16,11,6,5,18.15,31.97,2026-10-05,new_selling_well
2026-10-06,SH013-9,SH013,Trainers,9,2026-09-16,11,2,9,18.15,31.97,2026-09-29,new_selling_well
2026-10-06,SH013-10,SH013,Trainers,10,2026-09-16,11,2,9,18.15,31.97,2026-10-04,new_selling_well
2026-10-06,SH014-5,SH014,Trainers,5,2025-10-21,8,8,0,27.84,44.83,2026-01-15,old_fragmented
2026-10-06,SH014-6,SH014,Trainers,6,2025-10-21,8,7,1,27.84,44.83,2026-01-16,old_fragmented
2026-10-06,SH014-7,SH014,Trainers,7,2025-10-21,8,8,0,27.84,44.83,2025-11-27,old_fragmented
2026-10-06,SH014-8,SH014,Trainers,8,2025-10-21,8,8,0,27.84,44.83,2026-01-07,old_fragmented
2026-10-06,SH014-9,SH014,Trainers,9,2025-10-21,8,8,0,27.84,44.83,2026-01-08,old_fragmented
2026-10-06,SH014-10,SH014,Trainers,10,2025-10-21,8,6,2,27.84,44.83,2026-01-16,old_fragmented
2026-10-06,SH015-5,SH015,Formal,5,2025-11-16,24,8,16,19.25,35.84,2026-09-22,old_steady
2026-10-06,SH015-6,SH015,Formal,6,2025-11-16,24,10,14,19.25,35.84,2026-08-21,old_steady
2026-10-06,SH015-7,SH015,Formal,7,2025-11-16,24,10,14,19.25,35.84,2026-09-30,old_steady
2026-10-06,SH015-8,SH015,Formal,8,2025-11-16,24,8,16,19.25,35.84,2026-08-20,old_steady
2026-10-06,SH015-9,SH015,Formal,9,2025-11-16,24,7,17,19.25,35.84,2026-07-06,old_steady
2026-10-06,SH015-10,SH015,Formal,10,2025-11-16,24,4,20,19.25,35.84,2026-07-13,old_steady
2026-10-06,SH016-5,SH016,Formal,5,2026-08-12,8,0,8,18.92,39.53,,recent_slow
2026-10-06,SH016-6,SH016,Formal,6,2026-08-12,8,1,7,18.92,39.53,2026-08-28,recent_slow
2026-10-06,SH016-7,SH016,Formal,7,2026-08-12,8,0,8,18.92,39.53,,recent_slow
2026-10-06,SH016-8,SH016,Formal,8,2026-08-12,8,0,8,18.92,39.53,,recent_slow
2026-10-06,SH016-9,SH016,Formal,9,2026-08-12,8,1,7,18.92,39.53,2026-08-24,recent_slow
2026-10-06,SH016-10,SH016,Formal,10,2026-08-12,8,0,8,18.92,39.53,,recent_slow
2026-10-06,SH017-5,SH017,Boots,5,2026-09-15,14,2,12,37.97,70.1,2026-09-21,new_selling_well
2026-10-06,SH017-6,SH017,Boots,6,2026-09-15,14,3,11,37.97,70.1,2026-10-06,new_selling_well
2026-10-06,SH017-7,SH017,Boots,7,2026-09-15,14,3,11,37.97,70.1,2026-10-03,new_selling_well
2026-10-06,SH017-8,SH017,Boots,8,2026-09-15,14,3,11,37.97,70.1,2026-10-06,new_selling_well
2026-10-06,SH017-9,SH017,Boots,9,2026-09-15,14,5,9,37.97,70.1,2026-10-03,new_selling_well
2026-10-06,SH017-10,SH017,Boots,10,2026-09-15,14,1,13,37.97,70.1,2026-09-24,new_selling_well
2026-10-06,SH018-5,SH018,Casual,5,2026-01-17,7,3,4,27.21,51.43,2026-04-16,old_fragmented
2026-10-06,SH018-6,SH018,Casual,6,2026-01-17,7,5,2,27.21,51.43,2026-04-03,old_fragmented
2026-10-06,SH018-7,SH018,Casual,7,2026-01-17,7,7,0,27.21,51.43,2026-03-12,old_fragmented
2026-10-06,SH018-8,SH018,Casual,8,2026-01-17,7,7,0,27.21,51.43,2026-03-01,old_fragmented
2026-10-06,SH018-9,SH018,Casual,9,2026-01-17,7,7,0,27.21,51.43,2026-03-27,old_fragmented
2026-10-06,SH018-10,SH018,Casual,10,2026-01-17,7,7,0,27.21,51.43,2026-03-18,old_fragmented
2026-10-06,SH019-5,SH019,Casual,5,2025-10-14,29,7,22,39.31,69.95,2026-09-27,old_steady
2026-10-06,SH019-6,SH019,Casual,6,2025-10-14,29,10,19,39.31,69.95,2026-09-04,old_steady
2026-10-06,SH019-7,SH019,Casual,7,2025-10-14,29,16,13,39.31,69.95,2026-10-03,old_steady
2026-10-06,SH019-8,SH019,Casual,8,2025-10-14,29,15,14,39.31,69.95,2026-10-03,old_steady
2026-10-06,SH019-9,SH019,Casual,9,2025-10-14,29,3,26,39.31,69.95,2026-08-28,old_steady
2026-10-06,SH019-10,SH019,Casual,10,2025-10-14,29,3,26,39.31,69.95,2026-04-09,old_steady
2026-10-06,SH020-5,SH020,Formal,5,2026-09-02,13,0,13,18.54,38.05,,recent_slow
2026-10-06,SH020-6,SH020,Formal,6,2026-09-02,13,1,12,18.54,38.05,2026-09-12,recent_slow
2026-10-06,SH020-7,SH020,Formal,7,2026-09-02,13,1,12,18.54,38.05,2026-09-10,recent_slow
2026-10-06,SH020-8,SH020,Formal,8,2026-09-02,13,0,13,18.54,38.05,,recent_slow
2026-10-06,SH020-9,SH020,Formal,9,2026-09-02,13,0,13,18.54,38.05,,recent_slow
2026-10-06,SH020-10,SH020,Formal,10,2026-09-02,13,0,13,18.54,38.05,,recent_slow
2026-10-06,SH021-5,SH021,Trainers,5,2026-08-20,11,3,8,22.28,44.36,2026-10-06,new_selling_well
2026-10-06,SH021-6,SH021,Trainers,6,2026-08-20,11,7,4,22.28,44.36,2026-09-30,new_selling_well
2026-10-06,SH021-7,SH021,Trainers,7,2026-08-20,11,10,1,22.28,44.36,2026-10-02,new_selling_well
2026-10-06,SH021-8,SH021,Trainers,8,2026-08-20,11,8,3,22.28,44.36,2026-10-06,new_selling_well
2026-10-06,SH021-9,SH021,Trainers,9,2026-08-20,11,9,2,22.28,44.36,2026-10-03,new_selling_well
2026-10-06,SH021-10,SH021,Trainers,10,2026-08-20,11,5,6,22.28,44.36,2026-09-27,new_selling_well
2026-10-06,SH022-5,SH022,Trainers,5,2025-11-25,6,6,0,31.2,58.63,2026-01-31,old_fragmented
2026-10-06,SH022-6,SH022,Trainers,6,2025-11-25,6,6,0,31.2,58.63,2025-12-29,old_fragmented
2026-10-06,SH022-7,SH022,Trainers,7,2025-11-25,6,6,0,31.2,58.63,2025-12-14,old_fragmented
2026-10-06,SH022-8,SH022,Trainers,8,2025-11-25,6,6,0,31.2,58.63,2025-12-22,old_fragmented
2026-10-06,SH022-9,SH022,Trainers,9,2025-11-25,6,6,0,31.2,58.63,2026-01-16,old_fragmented
2026-10-06,SH022-10,SH022,Trainers,10,2025-11-25,6,5,1,31.2,58.63,2026-02-22,old_fragmented
2026-10-06,SH023-5,SH023,Boots,5,2026-01-08,24,3,21,35.86,59.23,2026-07-02,old_steady
2026-10-06,SH023-6,SH023,Boots,6,2026-01-08,24,8,16,35.86,59.23,2026-09-30,old_steady
2026-10-06,SH023-7,SH023,Boots,7,2026-01-08,24,7,17,35.86,59.23,2026-09-13,old_steady
2026-10-06,SH023-8,SH023,Boots,8,2026-01-08,24,12,12,35.86,59.23,2026-09-24,old_steady
2026-10-06,SH023-9,SH023,Boots,9,2026-01-08,24,9,15,35.86,59.23,2026-10-05,old_steady
2026-10-06,SH023-10,SH023,Boots,10,2026-01-08,24,5,19,35.86,59.23,2026-10-01,old_steady
2026-10-06,SH024-5,SH024,Trainers,5,2026-09-01,13,0,13,27.8,52.46,,recent_slow
2026-10-06,SH024-6,SH024,Trainers,6,2026-09-01,13,0,13,27.8,52.46,,recent_slow
2026-10-06,SH024-7,SH024,Trainers,7,2026-09-01,13,2,11,27.8,52.46,2026-09-18,recent_slow
2026-10-06,SH024-8,SH024,Trainers,8,2026-09-01,13,0,13,27.8,52.46,,recent_slow
2026-10-06,SH024-9,SH024,Trainers,9,2026-09-01,13,0,13,27.8,52.46,,recent_slow
2026-10-06,SH024-10,SH024,Trainers,10,2026-09-01,13,0,13,27.8,52.46,,recent_slow
2026-10-06,SH025-5,SH025,Boots,5,2026-09-03,11,4,7,20.32,33.31,2026-10-06,new_selling_well
2026-10-06,SH025-6,SH025,Boots,6,2026-09-03,11,7,4,20.32,33.31,2026-10-05,new_selling_well
2026-10-06,SH025-7,SH025,Boots,7,2026-09-03,11,10,1,20.32,33.31,2026-09-29,new_selling_well
2026-10-06,SH025-8,SH025,Boots,8,2026-09-03,11,7,4,20.32,33.31,2026-10-04,new_selling_well
2026-10-06,SH025-9,SH025,Boots,9,2026-09-03,11,4,7,20.32,33.31,2026-09-27,new_selling_well
2026-10-06,SH025-10,SH025,Boots,10,2026-09-03,11,4,7,20.32,33.31,2026-09-17,new_selling_well
2026-10-06,SH026-5,SH026,Trainers,5,2025-11-20,8,4,4,29.4,50.83,2026-01-30,old_fragmented
2026-10-06,SH026-6,SH026,Trainers,6,2025-11-20,8,8,0,29.4,50.83,2026-01-28,old_fragmented
2026-10-06,SH026-7,SH026,Trainers,7,2025-11-20,8,8,0,29.4,50.83,2026-02-01,old_fragmented
2026-10-06,SH026-8,SH026,Trainers,8,2025-11-20,8,8,0,29.4,50.83,2025-12-21,old_fragmented
2026-10-06,SH026-9,SH026,Trainers,9,2025-11-20,8,8,0,29.4,50.83,2026-02-07,old_fragmented
2026-10-06,SH026-10,SH026,Trainers,10,2025-11-20,8,8,0,29.4,50.83,2026-03-01,old_fragmented
2026-10-06,SH027-5,SH027,Formal,5,2026-04-09,28,2,26,37.45,78.53,2026-07-02,old_steady
2026-10-06,SH027-6,SH027,Formal,6,2026-04-09,28,5,23,37.45,78.53,2026-08-02,old_steady
2026-10-06,SH027-7,SH027,Formal,7,2026-04-09,28,10,18,37.45,78.53,2026-10-02,old_steady
2026-10-06,SH027-8,SH027,Formal,8,2026-04-09,28,8,20,37.45,78.53,2026-09-25,old_steady
2026-10-06,SH027-9,SH027,Formal,9,2026-04-09,28,4,24,37.45,78.53,2026-10-02,old_steady
2026-10-06,SH027-10,SH027,Formal,10,2026-04-09,28,6,22,37.45,78.53,2026-09-22,old_steady
2026-10-06,SH028-5,SH028,Boots,5,2026-09-01,8,0,8,26.89,46.23,,recent_slow
2026-10-06,SH028-6,SH028,Boots,6,2026-09-01,8,0,8,26.89,46.23,,recent_slow
2026-10-06,SH028-7,SH028,Boots,7,2026-09-01,8,0,8,26.89,46.23,,recent_slow
2026-10-06,SH028-8,SH028,Boots,8,2026-09-01,8,0,8,26.89,46.23,,recent_slow
2026-10-06,SH028-9,SH028,Boots,9,2026-09-01,8,0,8,26.89,46.23,,recent_slow
2026-10-06,SH028-10,SH028,Boots,10,2026-09-01,8,1,7,26.89,46.23,2026-09-21,recent_slow
2026-10-06,SH029-5,SH029,Trainers,5,2026-08-26,16,5,11,23.06,40.84,2026-10-06,new_selling_well
2026-10-06,SH029-6,SH029,Trainers,6,2026-08-26,16,2,14,23.06,40.84,2026-09-23,new_selling_well
2026-10-06,SH029-7,SH029,Trainers,7,2026-08-26,16,10,6,23.06,40.84,2026-10-03,new_selling_well
2026-10-06,SH029-8,SH029,Trainers,8,2026-08-26,16,8,8,23.06,40.84,2026-10-06,new_selling_well
2026-10-06,SH029-9,SH029,Trainers,9,2026-08-26,16,3,13,23.06,40.84,2026-10-02,new_selling_well
2026-10-06,SH029-10,SH029,Trainers,10,2026-08-26,16,6,10,23.06,40.84,2026-10-03,new_selling_well
2026-10-06,SH030-5,SH030,Boots,5,2025-10-15,8,5,3,23.97,44.46,2025-12-26,old_fragmented
2026-10-06,SH030-6,SH030,Boots,6,2025-10-15,8,8,0,23.97,44.46,2025-12-18,old_fragmented
2026-10-06,SH030-7,SH030,Boots,7,2025-10-15,8,8,0,23.97,44.46,2025-11-28,old_fragmented
2026-10-06,SH030-8,SH030,Boots,8,2025-10-15,8,8,0,23.97,44.46,2025-11-27,old_fragmented
2026-10-06,SH030-9,SH030,Boots,9,2025-10-15,8,8,0,23.97,44.46,2025-11-27,old_fragmented
2026-10-06,SH030-10,SH030,Boots,10,2025-10-15,8,1,7,23.97,44.46,2025-10-16,old_fragmented
2026-10-06,SH031-5,SH031,Trainers,5,2025-12-11,30,8,22,32.92,62.77,2026-09-18,old_steady
2026-10-06,SH031-6,SH031,Trainers,6,2025-12-11,30,11,19,32.92,62.77,2026-10-02,old_steady
2026-10-06,SH031-7,SH031,Trainers,7,2025-12-11,30,13,17,32.92,62.77,2026-09-16,old_steady
2026-10-06,SH031-8,SH031,Trainers,8,2025-12-11,30,21,9,32.92,62.77,2026-09-15,old_steady
2026-10-06,SH031-9,SH031,Trainers,9,2025-12-11,30,9,21,32.92,62.77,2026-10-04,old_steady
2026-10-06,SH031-10,SH031,Trainers,10,2025-12-11,30,1,29,32.92,62.77,2026-09-16,old_steady
2026-10-06,SH032-5,SH032,Casual,5,2026-08-26,13,0,13,43.37,89.47,,recent_slow
2026-10-06,SH032-6,SH032,Casual,6,2026-08-26,13,0,13,43.37,89.47,,recent_slow
2026-10-06,SH032-7,SH032,Casual,7,2026-08-26,13,1,12,43.37,89.47,2026-09-26,recent_slow
2026-10-06,SH032-8,SH032,Casual,8,2026-08-26,13,1,12,43.37,89.47,2026-09-29,recent_slow
2026-10-06,SH032-9,SH032,Casual,9,2026-08-26,13,0,13,43.37,89.47,,recent_slow
2026-10-06,SH032-10,SH032,Casual,10,2026-08-26,13,1,12,43.37,89.47,2026-09-01,recent_slow
2026-10-06,SH033-5,SH033,Trainers,5,2026-08-17,16,2,14,36.09,68.35,2026-09-11,new_selling_well
2026-10-06,SH033-6,SH033,Trainers,6,2026-08-17,16,4,12,36.09,68.35,2026-09-22,new_selling_well
2026-10-06,SH033-7,SH033,Trainers,7,2026-08-17,16,11,5,36.09,68.35,2026-10-01,new_selling_well
2026-10-06,SH033-8,SH033,Trainers,8,2026-08-17,16,10,6,36.09,68.35,2026-10-06,new_selling_well
2026-10-06,SH033-9,SH033,Trainers,9,2026-08-17,16,8,8,36.09,68.35,2026-10-05,new_selling_well
2026-10-06,SH033-10,SH033,Trainers,10,2026-08-17,16,3,13,36.09,68.35,2026-09-30,new_selling_well
2026-10-06,SH034-5,SH034,Formal,5,2025-12-28,5,5,0,20.9,34.32,2026-02-11,old_fragmented
2026-10-06,SH034-6,SH034,Formal,6,2025-12-28,5,5,0,20.9,34.32,2026-02-21,old_fragmented
2026-10-06,SH034-7,SH034,Formal,7,2025-12-28,5,5,0,20.9,34.32,2026-01-15,old_fragmented
2026-10-06,SH034-8,SH034,Formal,8,2025-12-28,5,5,0,20.9,34.32,2026-01-20,old_fragmented
2026-10-06,SH034-9,SH034,Formal,9,2025-12-28,5,5,0,20.9,34.32,2026-03-24,old_fragmented
2026-10-06,SH034-10,SH034,Formal,10,2025-12-28,5,3,2,20.9,34.32,2026-03-25,old_fragmented
2026-10-06,SH035-5,SH035,Formal,5,2025-11-14,27,3,24,44.84,83.36,2026-09-21,old_steady
2026-10-06,SH035-6,SH035,Formal,6,2025-11-14,27,6,21,44.84,83.36,2026-09-04,old_steady
2026-10-06,SH035-7,SH035,Formal,7,2025-11-14,27,13,14,44.84,83.36,2026-10-05,old_steady
2026-10-06,SH035-8,SH035,Formal,8,2025-11-14,27,22,5,44.84,83.36,2026-10-04,old_steady
2026-10-06,SH035-9,SH035,Formal,9,2025-11-14,27,8,19,44.84,83.36,2026-09-14,old_steady
2026-10-06,SH035-10,SH035,Formal,10,2025-11-14,27,9,18,44.84,83.36,2026-08-25,old_steady
2026-10-06,SH036-5,SH036,Trainers,5,2026-08-13,14,0,14,38.01,75.56,,recent_slow
2026-10-06,SH036-6,SH036,Trainers,6,2026-08-13,14,0,14,38.01,75.56,,recent_slow
2026-10-06,SH036-7,SH036,Trainers,7,2026-08-13,14,0,14,38.01,75.56,,recent_slow
2026-10-06,SH036-8,SH036,Trainers,8,2026-08-13,14,1,13,38.01,75.56,2026-08-25,recent_slow
2026-10-06,SH036-9,SH036,Trainers,9,2026-08-13,14,0,14,38.01,75.56,,recent_slow
2026-10-06,SH036-10,SH036,Trainers,10,2026-08-13,14,0,14,38.01,75.56,,recent_slow
2026-10-06,SH037-5,SH037,Boots,5,2026-08-31,10,5,5,28.13,45.03,2026-10-05,new_selling_well
2026-10-06,SH037-6,SH037,Boots,6,2026-08-31,10,8,2,28.13,45.03,2026-09-30,new_selling_well
2026-10-06,SH037-7,SH037,Boots,7,2026-08-31,10,8,2,28.13,45.03,2026-10-02,new_selling_well
2026-10-06,SH037-8,SH037,Boots,8,2026-08-31,10,10,0,28.13,45.03,2026-10-06,new_selling_well
2026-10-06,SH037-9,SH037,Boots,9,2026-08-31,10,5,5,28.13,45.03,2026-10-03,new_selling_well
2026-10-06,SH037-10,SH037,Boots,10,2026-08-31,10,2,8,28.13,45.03,2026-09-28,new_selling_well
2026-10-06,SH038-5,SH038,Boots,5,2025-11-10,9,8,1,30.74,63.64,2026-01-28,old_fragmented
2026-10-06,SH038-6,SH038,Boots,6,2025-11-10,9,9,0,30.74,63.64,2025-12-22,old_fragmented
2026-10-06,SH038-7,SH038,Boots,7,2025-11-10,9,9,0,30.74,63.64,2026-01-09,old_fragmented
2026-10-06,SH038-8,SH038,Boots,8,2025-11-10,9,9,0,30.74,63.64,2025-12-30,old_fragmented
2026-10-06,SH038-9,SH038,Boots,9,2025-11-10,9,7,2,30.74,63.64,2026-02-01,old_fragmented
2026-10-06,SH038-10,SH038,Boots,10,2025-11-10,9,4,5,30.74,63.64,2026-01-23,old_fragmented
2026-10-06,SH039-5,SH039,Formal,5,2025-12-24,27,7,20,28.06,54.19,2026-09-12,old_steady
2026-10-06,SH039-6,SH039,Formal,6,2025-12-24,27,9,18,28.06,54.19,2026-09-20,old_steady
2026-10-06,SH039-7,SH039,Formal,7,2025-12-24,27,13,14,28.06,54.19,2026-10-04,old_steady
2026-10-06,SH039-8,SH039,Formal,8,2025-12-24,27,17,10,28.06,54.19,2026-09-28,old_steady
2026-10-06,SH039-9,SH039,Formal,9,2025-12-24,27,6,21,28.06,54.19,2026-05-12,old_steady
2026-10-06,SH039-10,SH039,Formal,10,2025-12-24,27,5,22,28.06,54.19,2026-08-30,old_steady
2026-10-06,SH040-5,SH040,Trainers,5,2026-08-02,12,0,12,21.82,36.53,,recent_slow
2026-10-06,SH040-6,SH040,Trainers,6,2026-08-02,12,0,12,21.82,36.53,,recent_slow
2026-10-06,SH040-7,SH040,Trainers,7,2026-08-02,12,2,10,21.82,36.53,2026-08-11,recent_slow
2026-10-06,SH040-8,SH040,Trainers,8,2026-08-02,12,0,12,21.82,36.53,,recent_slow
2026-10-06,SH040-9,SH040,Trainers,9,2026-08-02,12,0,12,21.82,36.53,,recent_slow
2026-10-06,SH040-10,SH040,Trainers,10,2026-08-02,12,0,12,21.82,36.53,,recent_slow
2026-10-06,SH041-5,SH041,Formal,5,2026-08-23,14,5,9,36.28,61.12,2026-09-26,new_selling_well
2026-10-06,SH041-6,SH041,Formal,6,2026-08-23,14,5,9,36.28,61.12,2026-10-05,new_selling_well
2026-10-06,SH041-7,SH041,Formal,7,2026-08-23,14,9,5,36.28,61.12,2026-10-04,new_selling_well
2026-10-06,SH041-8,SH041,Formal,8,2026-08-23,14,13,1,36.28,61.12,2026-10-06,new_selling_well
2026-10-06,SH041-9,SH041,Formal,9,2026-08-23,14,3,11,36.28,61.12,2026-10-05,new_selling_well
2026-10-06,SH041-10,SH041,Formal,10,2026-08-23,14,4,10,36.28,61.12,2026-10-06,new_selling_well
2026-10-06,SH042-5,SH042,Boots,5,2026-01-20,7,4,3,18.22,31.25,2026-04-11,old_fragmented
2026-10-06,SH042-6,SH042,Boots,6,2026-01-20,7,7,0,18.22,31.25,2026-02-16,old_fragmented
2026-10-06,SH042-7,SH042,Boots,7,2026-01-20,7,7,0,18.22,31.25,2026-02-22,old_fragmented
2026-10-06,SH042-8,SH042,Boots,8,2026-01-20,7,7,0,18.22,31.25,2026-02-26,old_fragmented
2026-10-06,SH042-9,SH042,Boots,9,2026-01-20,7,4,3,18.22,31.25,2026-04-16,old_fragmented
2026-10-06,SH042-10,SH042,Boots,10,2026-01-20,7,6,1,18.22,31.25,2026-04-16,old_fragmented
2026-10-06,SH043-5,SH043,Trainers,5,2025-10-22,29,5,24,44.75,91.55,2026-08-17,old_steady
2026-10-06,SH043-6,SH043,Trainers,6,2025-10-22,29,9,20,44.75,91.55,2026-09-30,old_steady
2026-10-06,SH043-7,SH043,Trainers,7,2025-10-22,29,14,15,44.75,91.55,2026-06-21,old_steady
2026-10-06,SH043-8,SH043,Trainers,8,2025-10-22,29,15,14,44.75,91.55,2026-08-29,old_steady
2026-10-06,SH043-9,SH043,Trainers,9,2025-10-22,29,8,21,44.75,91.55,2026-07-22,old_steady
2026-10-06,SH043-10,SH043,Trainers,10,2025-10-22,29,10,19,44.75,91.55,2026-08-17,old_steady
2026-10-06,SH044-5,SH044,Boots,5,2026-08-16,8,0,8,34.47,56.19,,recent_slow
2026-10-06,SH044-6,SH044,Boots,6,2026-08-16,8,0,8,34.47,56.19,,recent_slow
2026-10-06,SH044-7,SH044,Boots,7,2026-08-16,8,2,6,34.47,56.19,2026-08-30,recent_slow
2026-10-06,SH044-8,SH044,Boots,8,2026-08-16,8,0,8,34.47,56.19,,recent_slow
2026-10-06,SH044-9,SH044,Boots,9,2026-08-16,8,1,7,34.47,56.19,2026-08-17,recent_slow
2026-10-06,SH044-10,SH044,Boots,10,2026-08-16,8,0,8,34.47,56.19,,recent_slow
2026-10-06,SH045-5,SH045,Casual,5,2026-09-08,12,2,10,37.5,71.25,2026-10-04,new_selling_well
2026-10-06,SH045-6,SH045,Casual,6,2026-09-08,12,5,7,37.5,71.25,2026-09-27,new_selling_well
2026-10-06,SH045-7,SH045,Casual,7,2026-09-08,12,5,7,37.5,71.25,2026-10-05,new_selling_well
2026-10-06,SH045-8,SH045,Casual,8,2026-09-08,12,6,6,37.5,71.25,2026-10-06,new_selling_well
2026-10-06,SH045-9,SH045,Casual,9,2026-09-08,12,3,9,37.5,71.25,2026-09-20,new_selling_well
2026-10-06,SH045-10,SH045,Casual,10,2026-09-08,12,0,12,37.5,71.25,,new_selling_well
2026-10-06,SH046-5,SH046,Formal,5,2026-02-14,5,5,0,29.21,57.16,2026-04-29,old_fragmented
2026-10-06,SH046-6,SH046,Formal,6,2026-02-14,5,4,1,29.21,57.16,2026-05-01,old_fragmented
2026-10-06,SH046-7,SH046,Formal,7,2026-02-14,5,5,0,29.21,57.16,2026-03-02,old_fragmented
2026-10-06,SH046-8,SH046,Formal,8,2026-02-14,5,5,0,29.21,57.16,2026-02-22,old_fragmented
2026-10-06,SH046-9,SH046,Formal,9,2026-02-14,5,5,0,29.21,57.16,2026-03-24,old_fragmented
2026-10-06,SH046-10,SH046,Formal,10,2026-02-14,5,5,0,29.21,57.16,2026-04-24,old_fragmented
2026-10-06,SH047-5,SH047,Formal,5,2025-11-19,29,6,23,26.57,43.76,2026-09-26,old_steady
2026-10-06,SH047-6,SH047,Formal,6,2025-11-19,29,6,23,26.57,43.76,2026-08-13,old_steady
2026-10-06,SH047-7,SH047,Formal,7,2025-11-19,29,19,10,26.57,43.76,2026-09-25,old_steady
2026-10-06,SH047-8,SH047,Formal,8,2025-11-19,29,16,13,26.57,43.76,2026-09-24,old_steady
2026-10-06,SH047-9,SH047,Formal,9,2025-11-19,29,11,18,26.57,43.76,2026-09-14,old_steady
2026-10-06,SH047-10,SH047,Formal,10,2025-11-19,29,2,27,26.57,43.76,2026-04-20,old_steady
2026-10-06,SH048-5,SH048,Trainers,5,2026-09-02,11,0,11,29.79,48.81,,recent_slow
2026-10-06,SH048-6,SH048,Trainers,6,2026-09-02,11,0,11,29.79,48.81,,recent_slow
2026-10-06,SH048-7,SH048,Trainers,7,2026-09-02,11,0,11,29.79,48.81,,recent_slow
2026-10-06,SH048-8,SH048,Trainers,8,2026-09-02,11,0,11,29.79,48.81,,recent_slow
2026-10-06,SH048-9,SH048,Trainers,9,2026-09-02,11,0,11,29.79,48.81,,recent_slow
2026-10-06,SH048-10,SH048,Trainers,10,2026-09-02,11,0,11,29.79,48.81,,recent_slow
2026-10-06,SH049-5,SH049,Casual,5,2026-08-10,13,2,11,37.44,65.98,2026-09-28,new_selling_well
2026-10-06,SH049-6,SH049,Casual,6,2026-08-10,13,6,7,37.44,65.98,2026-09-22,new_selling_well
2026-10-06,SH049-7,SH049,Casual,7,2026-08-10,13,13,0,37.44,65.98,2026-10-06,new_selling_well
2026-10-06,SH049-8,SH049,Casual,8,2026-08-10,13,12,1,37.44,65.98,2026-10-03,new_selling_well
2026-10-06,SH049-9,SH049,Casual,9,2026-08-10,13,5,8,37.44,65.98,2026-09-30,new_selling_well
2026-10-06,SH049-10,SH049,Casual,10,2026-08-10,13,6,7,37.44,65.98,2026-09-30,new_selling_well
2026-10-06,SH050-5,SH050,Boots,5,2025-10-29,5,4,1,17.5,35.75,2026-01-26,old_fragmented
2026-10-06,SH050-6,SH050,Boots,6,2025-10-29,5,5,0,17.5,35.75,2025-11-26,old_fragmented
2026-10-06,SH050-7,SH050,Boots,7,2025-10-29,5,5,0,17.5,35.75,2025-11-09,old_fragmented
2026-10-06,SH050-8,SH050,Boots,8,2025-10-29,5,5,0,17.5,35.75,2025-11-21,old_fragmented
2026-10-06,SH050-9,SH050,Boots,9,2025-10-29,5,5,0,17.5,35.75,2025-12-20,old_fragmented
2026-10-06,SH050-10,SH050,Boots,10,2025-10-29,5,5,0,17.5,35.75,2025-11-29,old_fragmented
