date,sku,style_id,size,quantity,unit_sale_price_gbp,revenue_gbp
2025-10-16,SH030-10,SH030,10,1,44.46,44.46
2025-10-20,SH030-6,SH030,6,1,44.46,44.46
2025-10-21,SH030-5,SH030,5,1,44.46,44.46
2025-10-22,SH014-9,SH014,9,1,40.35,40.35
2025-10-23,SH030-8,SH030,8,1,40.01,40.01
2025-10-24,SH014-9,SH014,9,1,44.83,44.83
2025-10-25,SH014-5,SH014,5,1,44.83,44.83
2025-10-25,SH030-6,SH030,6,1,44.46,44.46
2025-10-25,SH030-7,SH030,7,1,40.01,40.01
2025-10-26,SH019-6,SH019,6,1,69.95,69.95
2025-10-26,SH030-9,SH030,9,1,44.46,44.46
2025-10-27,SH030-5,SH030,5,1,44.46,44.46
2025-10-27,SH030-9,SH030,9,1,40.01,40.01
2025-10-28,SH030-8,SH030,8,1,44.46,44.46
2025-10-29,SH014-8,SH014,8,1,40.35,40.35
2025-10-29,SH030-7,SH030,7,1,44.46,44.46
2025-10-29,SH050-5,SH050,5,1,35.75,35.75
2025-10-30,SH014-7,SH014,7,1,40.35,40.35
2025-10-30,SH019-10,SH019,10,1,69.95,69.95
2025-10-30,SH050-6,SH050,6,1,35.75,35.75
2025-10-31,SH011-10,SH011,10,1,79.95,79.95
2025-10-31,SH030-5,SH030,5,1,44.46,44.46
2025-10-31,SH050-8,SH050,8,1,35.75,35.75
2025-10-31,SH050-9,SH050,9,1,35.75,35.75
2025-11-01,SH043-10,SH043,10,1,91.55,91.55
2025-11-02,SH050-7,SH050,7,1,35.75,35.75
2025-11-02,SH050-8,SH050,8,1,35.75,35.75
2025-11-03,SH014-6,SH014,6,1,44.83,44.83
2025-11-03,SH019-8,SH019,8,1,62.96,62.96
2025-11-03,SH030-6,SH030,6,1,44.46,44.46
2025-11-03,SH050-7,SH050,7,1,35.75,35.75
2025-11-04,SH011-6,SH011,6,1,71.95,71.95
2025-11-04,SH014-7,SH014,7,1,44.83,44.83
2025-11-05,SH014-10,SH014,10,1,44.83,44.83
2025-11-05,SH030-8,SH030,8,1,44.46,44.46
2025-11-06,SH011-9,SH011,9,1,79.95,79.95
2025-11-06,SH030-9,SH030,9,1,44.46,44.46
2025-11-06,SH050-10,SH050,10,1,35.75,35.75
2025-11-06,SH050-7,SH050,7,1,35.75,35.75
2025-11-07,SH014-7,SH014,7,1,44.83,44.83
2025-11-07,SH030-8,SH030,8,1,40.01,40.01
2025-11-08,SH014-7,SH014,7,1,44.83,44.83
2025-11-08,SH030-6,SH030,6,1,40.01,40.01
2025-11-08,SH030-9,SH030,9,1,40.01,40.01
2025-11-08,SH050-6,SH050,6,1,35.75,35.75
2025-11-08,SH050-7,SH050,7,1,35.75,35.75
2025-11-09,SH030-8,SH030,8,1,44.46,44.46
2025-11-09,SH050-5,SH050,5,1,35.75,35.75
2025-11-09,SH050-7,SH050,7,1,35.75,35.75
2025-11-10,SH014-9,SH014,9,1,44.83,44.83
2025-11-10,SH030-7,SH030,7,1,44.46,44.46
2025-11-10,SH043-8,SH043,8,1,91.55,91.55
2025-11-10,SH050-8,SH050,8,1,32.18,32.18
2025-11-11,SH030-7,SH030,7,1,44.46,44.46
2025-11-11,SH030-9,SH030,9,1,44.46,44.46
2025-11-11,SH038-6,SH038,6,1,57.28,57.28
2025-11-11,SH050-10,SH050,10,1,35.75,35.75
2025-11-12,SH011-10,SH011,10,1,79.95,79.95
2025-11-12,SH014-7,SH014,7,1,40.35,40.35
2025-11-12,SH014-9,SH014,9,1,44.83,44.83
2025-11-12,SH030-7,SH030,7,1,44.46,44.46
2025-11-12,SH050-10,SH050,10,1,35.75,35.75
2025-11-12,SH050-8,SH050,8,1,32.18,32.18
2025-11-14,SH019-10,SH019,10,1,69.95,69.95
2025-11-14,SH030-9,SH030,9,1,40.01,40.01
2025-11-14,SH043-7,SH043,7,1,82.39,82.39
2025-11-15,SH030-7,SH030,7,1,44.46,44.46
2025-11-15,SH050-9,SH050,9,1,35.75,35.75
2025-11-16,SH014-5,SH014,5,1,44.83,44.83
2025-11-16,SH038-8,SH038,8,1,57.28,57.28
2025-11-17,SH019-6,SH019,6,1,62.96,62.96
2025-11-17,SH019-8,SH019,8,1,69.95,69.95
2025-11-17,SH030-8,SH030,8,1,44.46,44.46
2025-11-17,SH038-5,SH038,5,1,63.64,63.64
2025-11-17,SH038-6,SH038,6,1,63.64,63.64
2025-11-18,SH011-9,SH011,9,1,71.95,71.95
2025-11-18,SH014-7,SH014,7,1,40.35,40.35
2025-11-18,SH050-6,SH050,6,1,35.75,35.75
2025-11-19,SH015-7,SH015,7,1,35.84,35.84
2025-11-19,SH019-7,SH019,7,1,62.96,62.96
2025-11-19,SH030-6,SH030,6,1,44.46,44.46
2025-11-19,SH038-6,SH038,6,1,63.64,63.64
2025-11-19,SH050-10,SH050,10,1,32.18,32.18
2025-11-20,SH038-6,SH038,6,1,63.64,63.64
2025-11-20,SH038-9,SH038,9,1,57.28,57.28
2025-11-20,SH047-8,SH047,8,1,43.76,43.76
2025-11-21,SH011-6,SH011,6,1,79.95,79.95
2025-11-21,SH011-8,SH011,8,1,79.95,79.95
2025-11-21,SH014-10,SH014,10,1,44.83,44.83
2025-11-21,SH014-9,SH014,9,1,44.83,44.83
2025-11-21,SH026-5,SH026,5,1,50.83,50.83
2025-11-21,SH030-8,SH030,8,1,40.01,40.01
2025-11-21,SH050-8,SH050,8,1,35.75,35.75
2025-11-22,SH011-7,SH011,7,1,79.95,79.95
2025-11-22,SH014-7,SH014,7,1,44.83,44.83
2025-11-22,SH030-9,SH030,9,1,44.46,44.46
2025-11-22,SH038-9,SH038,9,1,63.64,63.64
2025-11-23,SH030-7,SH030,7,1,44.46,44.46
2025-11-23,SH035-7,SH035,7,1,83.36,83.36
2025-11-23,SH038-7,SH038,7,1,63.64,63.64
2025-11-23,SH050-6,SH050,6,1,35.75,35.75
2025-11-24,SH014-9,SH014,9,1,44.83,44.83
2025-11-24,SH026-6,SH026,6,1,50.83,50.83
2025-11-24,SH038-6,SH038,6,1,63.64,63.64
2025-11-24,SH038-8,SH038,8,1,57.28,57.28
2025-11-24,SH050-9,SH050,9,1,35.75,35.75
2025-11-25,SH022-7,SH022,7,1,58.63,58.63
2025-11-25,SH035-10,SH035,10,1,83.36,83.36
2025-11-25,SH038-6,SH038,6,1,63.64,63.64
2025-11-25,SH038-8,SH038,8,1,63.64,63.64
2025-11-26,SH014-8,SH014,8,1,44.83,44.83
2025-11-26,SH022-7,SH022,7,1,58.63,58.63
2025-11-26,SH022-8,SH022,8,1,58.63,58.63
2025-11-26,SH043-6,SH043,6,1,91.55,91.55
2025-11-26,SH043-8,SH043,8,1,82.39,82.39
2025-11-26,SH050-6,SH050,6,1,32.18,32.18
2025-11-27,SH011-8,SH011,8,1,79.95,79.95
2025-11-27,SH014-7,SH014,7,1,44.83,44.83
2025-11-27,SH026-8,SH026,8,1,50.83,50.83
2025-11-27,SH030-8,SH030,8,1,44.46,44.46
2025-11-27,SH030-9,SH030,9,1,40.01,40.01
2025-11-27,SH038-7,SH038,7,1,63.64,63.64
2025-11-28,SH022-10,SH022,10,1,58.63,58.63
2025-11-28,SH026-6,SH026,6,1,50.83,50.83
2025-11-28,SH026-8,SH026,8,1,50.83,50.83
2025-11-28,SH030-7,SH030,7,1,44.46,44.46
2025-11-28,SH035-8,SH035,8,1,75.02,75.02
2025-11-28,SH038-8,SH038,8,1,63.64,63.64
2025-11-29,SH015-5,SH015,5,1,32.26,32.26
2025-11-29,SH019-7,SH019,7,1,62.96,62.96
2025-11-29,SH026-8,SH026,8,1,50.83,50.83
2025-11-29,SH026-9,SH026,9,1,45.75,45.75
2025-11-29,SH050-10,SH050,10,1,35.75,35.75
2025-11-29,SH050-5,SH050,5,1,35.75,35.75
2025-11-30,SH011-8,SH011,8,1,79.95,79.95
2025-11-30,SH022-7,SH022,7,1,58.63,58.63
2025-11-30,SH022-8,SH022,8,1,52.77,52.77
2025-11-30,SH026-8,SH026,8,1,45.75,45.75
2025-11-30,SH043-8,SH043,8,1,82.39,82.39
2025-11-30,SH047-5,SH047,5,1,43.76,43.76
2025-12-01,SH011-7,SH011,7,1,79.95,79.95
2025-12-01,SH022-9,SH022,9,1,58.63,58.63
2025-12-01,SH026-8,SH026,8,1,45.75,45.75
2025-12-02,SH014-5,SH014,5,1,40.35,40.35
2025-12-02,SH014-8,SH014,8,1,44.83,44.83
2025-12-02,SH022-9,SH022,9,1,58.63,58.63
2025-12-02,SH038-8,SH038,8,1,63.64,63.64
2025-12-03,SH015-5,SH015,5,1,35.84,35.84
2025-12-03,SH022-5,SH022,5,1,52.77,52.77
2025-12-03,SH022-6,SH022,6,1,58.63,58.63
2025-12-03,SH030-6,SH030,6,1,44.46,44.46
2025-12-03,SH035-6,SH035,6,1,83.36,83.36
2025-12-03,SH035-9,SH035,9,1,83.36,83.36
2025-12-03,SH038-8,SH038,8,1,63.64,63.64
2025-12-04,SH006-8,SH006,8,1,31.84,31.84
2025-12-04,SH011-6,SH011,6,1,71.95,71.95
2025-12-04,SH022-6,SH022,6,1,52.77,52.77
2025-12-04,SH022-8,SH022,8,1,58.63,58.63
2025-12-04,SH043-7,SH043,7,1,91.55,91.55
2025-12-05,SH014-10,SH014,10,1,44.83,44.83
2025-12-05,SH026-10,SH026,10,1,50.83,50.83
2025-12-05,SH038-5,SH038,5,1,63.64,63.64
2025-12-05,SH038-8,SH038,8,1,63.64,63.64
2025-12-05,SH038-9,SH038,9,1,63.64,63.64
2025-12-06,SH006-10,SH006,10,1,31.84,31.84
2025-12-06,SH006-5,SH006,5,1,31.84,31.84
2025-12-06,SH006-8,SH006,8,1,31.84,31.84
2025-12-06,SH014-8,SH014,8,1,44.83,44.83
2025-12-06,SH015-9,SH015,9,1,35.84,35.84
2025-12-06,SH019-5,SH019,5,1,69.95,69.95
2025-12-06,SH022-7,SH022,7,1,58.63,58.63
2025-12-07,SH015-9,SH015,9,1,35.84,35.84
2025-12-07,SH019-8,SH019,8,1,62.96,62.96
2025-12-07,SH022-9,SH022,9,1,58.63,58.63
2025-12-07,SH038-7,SH038,7,1,63.64,63.64
2025-12-08,SH015-7,SH015,7,1,35.84,35.84
2025-12-08,SH026-7,SH026,7,1,50.83,50.83
2025-12-09,SH014-6,SH014,6,1,40.35,40.35
2025-12-09,SH022-6,SH022,6,1,58.63,58.63
2025-12-09,SH022-8,SH022,8,1,52.77,52.77
2025-12-09,SH026-10,SH026,10,1,50.83,50.83
2025-12-10,SH014-6,SH014,6,1,44.83,44.83
2025-12-10,SH022-7,SH022,7,1,58.63,58.63
2025-12-10,SH030-6,SH030,6,1,40.01,40.01
2025-12-10,SH038-6,SH038,6,1,63.64,63.64
2025-12-10,SH047-7,SH047,7,1,43.76,43.76
2025-12-11,SH006-6,SH006,6,1,28.66,28.66
2025-12-11,SH015-7,SH015,7,1,35.84,35.84
2025-12-11,SH022-5,SH022,5,1,58.63,58.63
2025-12-11,SH031-8,SH031,8,1,62.77,62.77
2025-12-11,SH038-8,SH038,8,1,57.28,57.28
2025-12-12,SH006-8,SH006,8,1,31.84,31.84
2025-12-12,SH014-8,SH014,8,1,44.83,44.83
2025-12-12,SH038-9,SH038,9,1,63.64,63.64
2025-12-12,SH043-6,SH043,6,1,91.55,91.55
2025-12-12,SH047-7,SH047,7,1,43.76,43.76
2025-12-13,SH026-6,SH026,6,1,45.75,45.75
2025-12-13,SH026-8,SH026,8,1,50.83,50.83
2025-12-13,SH031-8,SH031,8,1,62.77,62.77
2025-12-13,SH038-10,SH038,10,1,57.28,57.28
2025-12-13,SH043-8,SH043,8,1,91.55,91.55
2025-12-14,SH015-5,SH015,5,1,35.84,35.84
2025-12-14,SH022-7,SH022,7,1,58.63,58.63
2025-12-14,SH026-5,SH026,5,1,50.83,50.83
2025-12-14,SH030-5,SH030,5,1,44.46,44.46
2025-12-14,SH038-6,SH038,6,1,63.64,63.64
2025-12-14,SH038-7,SH038,7,1,57.28,57.28
2025-12-15,SH006-9,SH006,9,1,31.84,31.84
2025-12-16,SH014-8,SH014,8,1,44.83,44.83
2025-12-16,SH019-7,SH019,7,1,69.95,69.95
2025-12-16,SH022-10,SH022,10,1,58.63,58.63
2025-12-16,SH026-10,SH026,10,1,50.83,50.83
2025-12-16,SH026-8,SH026,8,1,50.83,50.83
2025-12-16,SH035-9,SH035,9,1,83.36,83.36
2025-12-16,SH043-5,SH043,5,1,91.55,91.55
2025-12-17,SH026-7,SH026,7,1,45.75,45.75
2025-12-17,SH031-6,SH031,6,1,62.77,62.77
2025-12-17,SH038-7,SH038,7,1,63.64,63.64
2025-12-17,SH047-5,SH047,5,1,39.38,39.38
2025-12-18,SH006-5,SH006,5,1,28.66,28.66
2025-12-18,SH006-9,SH006,9,1,28.66,28.66
2025-12-18,SH022-8,SH022,8,1,58.63,58.63
2025-12-18,SH022-9,SH022,9,1,58.63,58.63
2025-12-18,SH030-6,SH030,6,1,44.46,44.46
2025-12-18,SH047-7,SH047,7,1,43.76,43.76
2025-12-19,SH011-5,SH011,5,1,79.95,79.95
2025-12-19,SH019-8,SH019,8,1,69.95,69.95
2025-12-19,SH026-6,SH026,6,1,50.83,50.83
2025-12-19,SH050-9,SH050,9,1,35.75,35.75
2025-12-20,SH006-8,SH006,8,1,31.84,31.84
2025-12-20,SH022-6,SH022,6,1,58.63,58.63
2025-12-20,SH050-9,SH050,9,1,35.75,35.75
2025-12-21,SH006-5,SH006,5,1,31.84,31.84
2025-12-21,SH006-9,SH006,9,1,28.66,28.66
2025-12-21,SH022-5,SH022,5,1,58.63,58.63
2025-12-21,SH026-8,SH026,8,1,50.83,50.83
2025-12-21,SH026-9,SH026,9,1,50.83,50.83
2025-12-22,SH014-5,SH014,5,1,44.83,44.83
2025-12-22,SH014-6,SH014,6,1,40.35,40.35
2025-12-22,SH014-9,SH014,9,1,44.83,44.83
2025-12-22,SH022-8,SH022,8,1,52.77,52.77
2025-12-22,SH026-10,SH026,10,1,50.83,50.83
2025-12-22,SH035-8,SH035,8,1,83.36,83.36
2025-12-22,SH038-6,SH038,6,1,63.64,63.64
2025-12-23,SH022-5,SH022,5,1,58.63,58.63
2025-12-23,SH026-6,SH026,6,1,50.83,50.83
2025-12-24,SH014-10,SH014,10,1,44.83,44.83
2025-12-24,SH014-6,SH014,6,1,44.83,44.83
2025-12-24,SH019-5,SH019,5,1,62.96,62.96
2025-12-24,SH038-10,SH038,10,1,63.64,63.64
2025-12-24,SH043-8,SH043,8,1,91.55,91.55
2025-12-25,SH015-8,SH015,8,1,32.26,32.26
2025-12-25,SH019-7,SH019,7,1,69.95,69.95
2025-12-25,SH035-8,SH035,8,1,83.36,83.36
2025-12-25,SH038-7,SH038,7,1,63.64,63.64
2025-12-26,SH030-5,SH030,5,1,40.01,40.01
2025-12-26,SH038-5,SH038,5,1,57.28,57.28
2025-12-26,SH047-10,SH047,10,1,43.76,43.76
2025-12-27,SH006-8,SH006,8,1,28.66,28.66
2025-12-27,SH015-6,SH015,6,1,35.84,35.84
2025-12-28,SH022-6,SH022,6,1,52.77,52.77
2025-12-28,SH026-9,SH026,9,1,50.83,50.83
2025-12-28,SH034-7,SH034,7,1,34.32,34.32
2025-12-28,SH038-7,SH038,7,1,63.64,63.64
2025-12-28,SH039-9,SH039,9,1,54.19,54.19
2025-12-28,SH047-8,SH047,8,1,43.76,43.76
2025-12-29,SH006-8,SH006,8,1,31.84,31.84
2025-12-29,SH015-7,SH015,7,1,35.84,35.84
2025-12-29,SH022-6,SH022,6,1,58.63,58.63
2025-12-29,SH031-6,SH031,6,1,56.49,56.49
2025-12-29,SH038-5,SH038,5,1,63.64,63.64
2025-12-29,SH039-9,SH039,9,1,54.19,54.19
2025-12-30,SH003-10,SH003,10,1,45.27,45.27
2025-12-30,SH006-9,SH006,9,1,31.84,31.84
2025-12-30,SH014-5,SH014,5,1,44.83,44.83
2025-12-30,SH026-7,SH026,7,1,50.83,50.83
2025-12-30,SH038-8,SH038,8,1,63.64,63.64
2025-12-31,SH015-6,SH015,6,1,32.26,32.26
2025-12-31,SH034-5,SH034,5,1,34.32,34.32
2025-12-31,SH034-8,SH034,8,1,30.89,30.89
2025-12-31,SH038-9,SH038,9,1,57.28,57.28
2025-12-31,SH039-5,SH039,5,1,54.19,54.19
2026-01-01,SH014-6,SH014,6,1,44.83,44.83
2026-01-01,SH034-7,SH034,7,1,34.32,34.32
2026-01-01,SH038-10,SH038,10,1,57.28,57.28
2026-01-01,SH038-5,SH038,5,1,63.64,63.64
2026-01-02,SH026-5,SH026,5,1,50.83,50.83
2026-01-02,SH026-9,SH026,9,1,50.83,50.83
2026-01-02,SH034-5,SH034,5,1,34.32,34.32
2026-01-02,SH035-8,SH035,8,1,83.36,83.36
2026-01-02,SH043-6,SH043,6,1,91.55,91.55
2026-01-03,SH006-9,SH006,9,1,28.66,28.66
2026-01-03,SH026-6,SH026,6,1,45.75,45.75
2026-01-04,SH003-10,SH003,10,1,50.3,50.3
2026-01-04,SH011-8,SH011,8,1,79.95,79.95
2026-01-04,SH015-10,SH015,10,1,32.26,32.26
2026-01-04,SH039-7,SH039,7,1,54.19,54.19
2026-01-05,SH006-7,SH006,7,1,31.84,31.84
2026-01-05,SH006-9,SH006,9,1,31.84,31.84
2026-01-05,SH014-8,SH014,8,1,44.83,44.83
2026-01-05,SH034-9,SH034,9,1,34.32,34.32
2026-01-05,SH035-8,SH035,8,1,83.36,83.36
2026-01-05,SH038-5,SH038,5,1,57.28,57.28
2026-01-06,SH039-9,SH039,9,1,54.19,54.19
2026-01-07,SH014-8,SH014,8,1,44.83,44.83
2026-01-07,SH019-7,SH019,7,1,69.95,69.95
2026-01-07,SH038-7,SH038,7,1,63.64,63.64
2026-01-07,SH043-9,SH043,9,1,91.55,91.55
2026-01-08,SH014-5,SH014,5,1,44.83,44.83
2026-01-08,SH014-9,SH014,9,1,40.35,40.35
2026-01-08,SH047-9,SH047,9,1,43.76,43.76
2026-01-09,SH034-5,SH034,5,1,30.89,30.89
2026-01-09,SH034-7,SH034,7,1,34.32,34.32
2026-01-09,SH038-7,SH038,7,1,63.64,63.64
2026-01-10,SH003-7,SH003,7,1,50.3,50.3
2026-01-10,SH006-5,SH006,5,1,31.84,31.84
2026-01-10,SH015-10,SH015,10,1,32.26,32.26
2026-01-10,SH022-10,SH022,10,1,52.77,52.77
2026-01-10,SH022-9,SH022,9,1,52.77,52.77
2026-01-10,SH026-6,SH026,6,1,45.75,45.75
2026-01-10,SH034-8,SH034,8,1,30.89,30.89
2026-01-10,SH039-8,SH039,8,1,54.19,54.19
2026-01-11,SH011-10,SH011,10,1,79.95,79.95
2026-01-11,SH019-6,SH019,6,1,69.95,69.95
2026-01-11,SH026-9,SH026,9,1,50.83,50.83
2026-01-11,SH031-5,SH031,5,1,62.77,62.77
2026-01-11,SH034-7,SH034,7,1,34.32,34.32
2026-01-12,SH006-10,SH006,10,1,31.84,31.84
2026-01-12,SH011-6,SH011,6,1,71.95,71.95
2026-01-12,SH023-9,SH023,9,1,59.23,59.23
2026-01-12,SH034-8,SH034,8,1,34.32,34.32
2026-01-12,SH047-9,SH047,9,1,39.38,39.38
2026-01-13,SH006-7,SH006,7,1,31.84,31.84
2026-01-13,SH010-8,SH010,8,1,60.06,60.06
2026-01-13,SH014-5,SH014,5,1,44.83,44.83
2026-01-13,SH035-9,SH035,9,1,83.36,83.36
2026-01-13,SH039-9,SH039,9,1,54.19,54.19
2026-01-13,SH043-8,SH043,8,1,82.39,82.39
2026-01-14,SH006-7,SH006,7,1,31.84,31.84
2026-01-14,SH010-6,SH010,6,1,60.06,60.06
2026-01-14,SH010-8,SH010,8,1,60.06,60.06
2026-01-14,SH031-8,SH031,8,1,62.77,62.77
2026-01-14,SH034-8,SH034,8,1,34.32,34.32
2026-01-15,SH003-8,SH003,8,1,45.27,45.27
2026-01-15,SH010-9,SH010,9,1,54.05,54.05
2026-01-15,SH014-10,SH014,10,1,44.83,44.83
2026-01-15,SH014-5,SH014,5,1,44.83,44.83
2026-01-15,SH026-9,SH026,9,1,45.75,45.75
2026-01-15,SH031-9,SH031,9,1,62.77,62.77
2026-01-15,SH034-6,SH034,6,1,34.32,34.32
2026-01-15,SH034-7,SH034,7,1,30.89,30.89
2026-01-16,SH006-5,SH006,5,1,31.84,31.84
2026-01-16,SH010-5,SH010,5,1,60.06,60.06
2026-01-16,SH014-10,SH014,10,1,44.83,44.83
2026-01-16,SH014-6,SH014,6,1,44.83,44.83
2026-01-16,SH019-6,SH019,6,1,69.95,69.95
2026-01-16,SH022-9,SH022,9,1,52.77,52.77
2026-01-17,SH010-5,SH010,5,1,54.05,54.05
2026-01-17,SH011-7,SH011,7,1,79.95,79.95
2026-01-17,SH018-8,SH018,8,1,46.29,46.29
2026-01-17,SH019-8,SH019,8,1,69.95,69.95
2026-01-17,SH023-5,SH023,5,1,59.23,59.23
2026-01-17,SH023-6,SH023,6,1,59.23,59.23
2026-01-17,SH026-7,SH026,7,1,50.83,50.83
2026-01-17,SH034-9,SH034,9,1,34.32,34.32
2026-01-17,SH038-9,SH038,9,1,63.64,63.64
2026-01-18,SH031-5,SH031,5,1,56.49,56.49
2026-01-18,SH047-8,SH047,8,1,43.76,43.76
2026-01-19,SH010-9,SH010,9,1,60.06,60.06
2026-01-19,SH011-6,SH011,6,1,79.95,79.95
2026-01-19,SH015-6,SH015,6,1,35.84,35.84
2026-01-19,SH018-9,SH018,9,1,51.43,51.43
2026-01-19,SH026-10,SH026,10,1,50.83,50.83
2026-01-20,SH010-6,SH010,6,1,54.05,54.05
2026-01-20,SH010-7,SH010,7,1,60.06,60.06
2026-01-20,SH018-10,SH018,10,1,51.43,51.43
2026-01-20,SH023-7,SH023,7,1,59.23,59.23
2026-01-20,SH031-7,SH031,7,1,62.77,62.77
2026-01-20,SH034-8,SH034,8,1,34.32,34.32
2026-01-20,SH043-6,SH043,6,1,91.55,91.55
2026-01-20,SH043-7,SH043,7,1,91.55,91.55
2026-01-21,SH011-9,SH011,9,1,71.95,71.95
2026-01-21,SH018-6,SH018,6,1,51.43,51.43
2026-01-21,SH018-7,SH018,7,1,46.29,46.29
2026-01-21,SH018-8,SH018,8,1,51.43,51.43
2026-01-21,SH026-10,SH026,10,1,45.75,45.75
2026-01-21,SH026-7,SH026,7,1,50.83,50.83
2026-01-21,SH034-6,SH034,6,1,34.32,34.32
2026-01-22,SH003-10,SH003,10,1,50.3,50.3
2026-01-22,SH011-6,SH011,6,1,79.95,79.95
2026-01-22,SH018-7,SH018,7,1,51.43,51.43
2026-01-22,SH022-5,SH022,5,1,58.63,58.63
2026-01-22,SH026-9,SH026,9,1,50.83,50.83
2026-01-22,SH039-5,SH039,5,1,54.19,54.19
2026-01-22,SH042-10,SH042,10,1,31.25,31.25
2026-01-22,SH042-9,SH042,9,1,31.25,31.25
2026-01-23,SH038-10,SH038,10,1,63.64,63.64
2026-01-23,SH042-10,SH042,10,1,31.25,31.25
2026-01-23,SH042-6,SH042,6,1,31.25,31.25
2026-01-24,SH010-8,SH010,8,1,60.06,60.06
2026-01-24,SH023-7,SH023,7,1,53.31,53.31
2026-01-24,SH038-5,SH038,5,1,63.64,63.64
2026-01-24,SH042-6,SH042,6,1,31.25,31.25
2026-01-24,SH042-7,SH042,7,1,28.12,28.12
2026-01-24,SH042-8,SH042,8,1,31.25,31.25
2026-01-25,SH026-7,SH026,7,1,50.83,50.83
2026-01-25,SH039-5,SH039,5,1,48.77,48.77
2026-01-25,SH042-5,SH042,5,1,31.25,31.25
2026-01-26,SH003-8,SH003,8,1,45.27,45.27
2026-01-26,SH010-8,SH010,8,1,54.05,54.05
2026-01-26,SH042-10,SH042,10,1,31.25,31.25
2026-01-26,SH043-7,SH043,7,1,91.55,91.55
2026-01-26,SH050-5,SH050,5,1,35.75,35.75
2026-01-27,SH011-8,SH011,8,1,71.95,71.95
2026-01-27,SH022-10,SH022,10,1,52.77,52.77
2026-01-27,SH031-8,SH031,8,1,62.77,62.77
2026-01-27,SH042-8,SH042,8,1,28.12,28.12
2026-01-28,SH010-9,SH010,9,1,60.06,60.06
2026-01-28,SH026-6,SH026,6,1,50.83,50.83
2026-01-28,SH031-5,SH031,5,1,56.49,56.49
2026-01-28,SH038-5,SH038,5,1,57.28,57.28
2026-01-28,SH042-8,SH042,8,1,31.25,31.25
2026-01-28,SH043-8,SH043,8,1,82.39,82.39
2026-01-29,SH010-6,SH010,6,1,60.06,60.06
2026-01-29,SH010-8,SH010,8,1,60.06,60.06
2026-01-29,SH018-9,SH018,9,1,51.43,51.43
2026-01-29,SH023-10,SH023,10,1,59.23,59.23
2026-01-29,SH026-7,SH026,7,1,45.75,45.75
2026-01-29,SH042-6,SH042,6,1,28.12,28.12
2026-01-30,SH006-10,SH006,10,1,31.84,31.84
2026-01-30,SH006-5,SH006,5,1,31.84,31.84
2026-01-30,SH010-6,SH010,6,1,60.06,60.06
2026-01-30,SH010-9,SH010,9,1,60.06,60.06
2026-01-30,SH011-9,SH011,9,1,79.95,79.95
2026-01-30,SH026-5,SH026,5,1,50.83,50.83
2026-01-30,SH034-9,SH034,9,1,34.32,34.32
2026-01-30,SH043-10,SH043,10,1,82.39,82.39
2026-01-31,SH018-9,SH018,9,1,46.29,46.29
2026-01-31,SH022-5,SH022,5,1,52.77,52.77
2026-02-01,SH019-9,SH019,9,1,69.95,69.95
2026-02-01,SH026-7,SH026,7,1,50.83,50.83
2026-02-01,SH038-9,SH038,9,1,63.64,63.64
2026-02-02,SH006-7,SH006,7,1,31.84,31.84
2026-02-02,SH010-9,SH010,9,1,60.06,60.06
2026-02-02,SH018-8,SH018,8,1,51.43,51.43
2026-02-02,SH034-6,SH034,6,1,30.89,30.89
2026-02-02,SH035-10,SH035,10,1,75.02,75.02
2026-02-02,SH042-7,SH042,7,1,31.25,31.25
2026-02-02,SH043-7,SH043,7,1,91.55,91.55
2026-02-03,SH003-6,SH003,6,1,50.3,50.3
2026-02-03,SH006-6,SH006,6,1,31.84,31.84
2026-02-03,SH018-8,SH018,8,1,51.43,51.43
2026-02-03,SH023-8,SH023,8,1,59.23,59.23
2026-02-03,SH035-8,SH035,8,1,83.36,83.36
2026-02-04,SH006-6,SH006,6,1,31.84,31.84
2026-02-04,SH019-5,SH019,5,1,69.95,69.95
2026-02-04,SH042-7,SH042,7,1,31.25,31.25
2026-02-04,SH043-7,SH043,7,1,91.55,91.55
2026-02-05,SH015-7,SH015,7,1,35.84,35.84
2026-02-05,SH034-5,SH034,5,1,34.32,34.32
2026-02-06,SH011-7,SH011,7,1,79.95,79.95
2026-02-06,SH019-7,SH019,7,1,62.96,62.96
2026-02-06,SH042-6,SH042,6,1,31.25,31.25
2026-02-06,SH042-7,SH042,7,1,28.12,28.12
2026-02-07,SH010-6,SH010,6,1,54.05,54.05
2026-02-07,SH015-6,SH015,6,1,35.84,35.84
2026-02-07,SH018-10,SH018,10,1,46.29,46.29
2026-02-07,SH026-9,SH026,9,1,45.75,45.75
2026-02-07,SH031-8,SH031,8,1,56.49,56.49
2026-02-07,SH035-7,SH035,7,1,83.36,83.36
2026-02-08,SH019-6,SH019,6,1,69.95,69.95
2026-02-08,SH043-9,SH043,9,1,91.55,91.55
2026-02-09,SH010-10,SH010,10,1,60.06,60.06
2026-02-09,SH039-6,SH039,6,1,54.19,54.19
2026-02-09,SH042-6,SH042,6,1,31.25,31.25
2026-02-09,SH047-8,SH047,8,1,39.38,39.38
2026-02-10,SH011-7,SH011,7,1,79.95,79.95
2026-02-10,SH018-6,SH018,6,1,46.29,46.29
2026-02-10,SH047-7,SH047,7,1,39.38,39.38
2026-02-11,SH034-5,SH034,5,1,34.32,34.32
2026-02-12,SH010-5,SH010,5,1,54.05,54.05
2026-02-12,SH019-8,SH019,8,1,69.95,69.95
2026-02-12,SH026-10,SH026,10,1,45.75,45.75
2026-02-13,SH006-7,SH006,7,1,28.66,28.66
2026-02-13,SH015-8,SH015,8,1,35.84,35.84
2026-02-13,SH039-10,SH039,10,1,48.77,48.77
2026-02-13,SH042-6,SH042,6,1,31.25,31.25
2026-02-14,SH006-6,SH006,6,1,28.66,28.66
2026-02-14,SH018-10,SH018,10,1,51.43,51.43
2026-02-14,SH018-6,SH018,6,1,51.43,51.43
2026-02-14,SH034-10,SH034,10,1,34.32,34.32
2026-02-15,SH006-10,SH006,10,1,31.84,31.84
2026-02-15,SH010-7,SH010,7,1,60.06,60.06
2026-02-15,SH018-10,SH018,10,1,51.43,51.43
2026-02-15,SH023-6,SH023,6,1,59.23,59.23
2026-02-15,SH035-7,SH035,7,1,83.36,83.36
2026-02-16,SH010-7,SH010,7,1,60.06,60.06
2026-02-16,SH034-6,SH034,6,1,34.32,34.32
2026-02-16,SH042-6,SH042,6,1,31.25,31.25
2026-02-16,SH042-8,SH042,8,1,31.25,31.25
2026-02-16,SH043-10,SH043,10,1,82.39,82.39
2026-02-16,SH046-6,SH046,6,1,51.44,51.44
2026-02-16,SH046-7,SH046,7,1,57.16,57.16
2026-02-16,SH046-8,SH046,8,1,57.16,57.16
2026-02-16,SH047-7,SH047,7,1,43.76,43.76
2026-02-17,SH031-7,SH031,7,1,62.77,62.77
2026-02-18,SH003-6,SH003,6,1,50.3,50.3
2026-02-18,SH042-7,SH042,7,1,31.25,31.25
2026-02-18,SH046-8,SH046,8,1,57.16,57.16
2026-02-19,SH006-7,SH006,7,1,31.84,31.84
2026-02-19,SH010-7,SH010,7,1,54.05,54.05
2026-02-19,SH042-7,SH042,7,1,28.12,28.12
2026-02-19,SH042-8,SH042,8,1,31.25,31.25
2026-02-20,SH010-7,SH010,7,1,60.06,60.06
2026-02-20,SH015-8,SH015,8,1,35.84,35.84
2026-02-20,SH046-7,SH046,7,1,57.16,57.16
2026-02-20,SH046-8,SH046,8,1,51.44,51.44
2026-02-21,SH003-6,SH003,6,1,50.3,50.3
2026-02-21,SH018-7,SH018,7,1,46.29,46.29
2026-02-21,SH034-6,SH034,6,1,30.89,30.89
2026-02-21,SH042-8,SH042,8,1,31.25,31.25
2026-02-21,SH043-9,SH043,9,1,82.39,82.39
2026-02-21,SH046-8,SH046,8,1,57.16,57.16
2026-02-22,SH018-10,SH018,10,1,51.43,51.43
2026-02-22,SH019-7,SH019,7,1,69.95,69.95
2026-02-22,SH022-10,SH022,10,1,58.63,58.63
2026-02-22,SH023-8,SH023,8,1,59.23,59.23
2026-02-22,SH042-10,SH042,10,1,31.25,31.25
2026-02-22,SH042-7,SH042,7,1,31.25,31.25
2026-02-22,SH046-7,SH046,7,1,57.16,57.16
2026-02-22,SH046-8,SH046,8,1,57.16,57.16
2026-02-23,SH018-8,SH018,8,1,46.29,46.29
2026-02-23,SH039-8,SH039,8,1,54.19,54.19
2026-02-24,SH018-10,SH018,10,1,51.43,51.43
2026-02-24,SH019-7,SH019,7,1,69.95,69.95
2026-02-24,SH031-6,SH031,6,1,56.49,56.49
2026-02-24,SH043-6,SH043,6,1,91.55,91.55
2026-02-24,SH046-7,SH046,7,1,57.16,57.16
2026-02-26,SH042-8,SH042,8,1,31.25,31.25
2026-02-27,SH006-10,SH006,10,1,31.84,31.84
2026-02-27,SH011-7,SH011,7,1,79.95,79.95
2026-02-27,SH018-7,SH018,7,1,51.43,51.43
2026-02-27,SH039-5,SH039,5,1,54.19,54.19
2026-02-27,SH039-6,SH039,6,1,54.19,54.19
2026-02-27,SH043-7,SH043,7,1,82.39,82.39
2026-02-28,SH018-8,SH018,8,1,51.43,51.43
2026-02-28,SH018-9,SH018,9,1,46.29,46.29
2026-02-28,SH046-9,SH046,9,1,57.16,57.16
2026-03-01,SH018-7,SH018,7,1,51.43,51.43
2026-03-01,SH018-8,SH018,8,1,46.29,46.29
2026-03-01,SH026-10,SH026,10,1,45.75,45.75
2026-03-01,SH039-8,SH039,8,1,54.19,54.19
2026-03-02,SH015-5,SH015,5,1,32.26,32.26
2026-03-02,SH046-7,SH046,7,1,57.16,57.16
2026-03-02,SH046-9,SH046,9,1,57.16,57.16
2026-03-02,SH047-7,SH047,7,1,39.38,39.38
2026-03-02,SH047-8,SH047,8,1,43.76,43.76
2026-03-03,SH003-7,SH003,7,1,45.27,45.27
2026-03-03,SH015-9,SH015,9,1,35.84,35.84
2026-03-03,SH019-7,SH019,7,1,62.96,62.96
2026-03-03,SH043-10,SH043,10,1,91.55,91.55
2026-03-03,SH046-5,SH046,5,1,57.16,57.16
2026-03-03,SH047-5,SH047,5,1,43.76,43.76
2026-03-05,SH035-10,SH035,10,1,75.02,75.02
2026-03-06,SH018-9,SH018,9,1,51.43,51.43
2026-03-06,SH035-10,SH035,10,1,75.02,75.02
2026-03-06,SH046-9,SH046,9,1,57.16,57.16
2026-03-08,SH003-9,SH003,9,1,50.3,50.3
2026-03-08,SH018-7,SH018,7,1,51.43,51.43
2026-03-08,SH043-7,SH043,7,1,91.55,91.55
2026-03-09,SH003-6,SH003,6,1,50.3,50.3
2026-03-09,SH039-8,SH039,8,1,48.77,48.77
2026-03-10,SH015-5,SH015,5,1,35.84,35.84
2026-03-11,SH010-10,SH010,10,1,54.05,54.05
2026-03-11,SH015-7,SH015,7,1,32.26,32.26
2026-03-11,SH043-8,SH043,8,1,91.55,91.55
2026-03-12,SH003-5,SH003,5,1,50.3,50.3
2026-03-12,SH018-7,SH018,7,1,51.43,51.43
2026-03-12,SH031-8,SH031,8,1,56.49,56.49
2026-03-12,SH035-10,SH035,10,1,83.36,83.36
2026-03-12,SH046-9,SH046,9,1,57.16,57.16
2026-03-13,SH011-10,SH011,10,1,79.95,79.95
2026-03-13,SH031-9,SH031,9,1,62.77,62.77
2026-03-13,SH034-10,SH034,10,1,34.32,34.32
2026-03-14,SH023-9,SH023,9,1,53.31,53.31
2026-03-14,SH047-9,SH047,9,1,43.76,43.76
2026-03-15,SH035-8,SH035,8,1,83.36,83.36
2026-03-16,SH018-9,SH018,9,1,51.43,51.43
2026-03-16,SH039-8,SH039,8,1,54.19,54.19
2026-03-17,SH047-9,SH047,9,1,43.76,43.76
2026-03-18,SH018-10,SH018,10,1,51.43,51.43
2026-03-18,SH018-5,SH018,5,1,51.43,51.43
2026-03-18,SH043-7,SH043,7,1,91.55,91.55
2026-03-18,SH043-8,SH043,8,1,91.55,91.55
2026-03-19,SH007-5,SH007,5,1,43.78,43.78
2026-03-20,SH031-5,SH031,5,1,56.49,56.49
2026-03-20,SH039-6,SH039,6,1,54.19,54.19
2026-03-20,SH047-8,SH047,8,1,43.76,43.76
2026-03-21,SH011-9,SH011,9,1,79.95,79.95
2026-03-21,SH035-8,SH035,8,1,83.36,83.36
2026-03-21,SH043-7,SH043,7,1,91.55,91.55
2026-03-21,SH046-10,SH046,10,1,57.16,57.16
2026-03-22,SH007-5,SH007,5,1,39.4,39.4
2026-03-22,SH034-9,SH034,9,1,34.32,34.32
2026-03-22,SH042-9,SH042,9,1,28.12,28.12
2026-03-22,SH046-10,SH046,10,1,57.16,57.16
2026-03-23,SH011-9,SH011,9,1,71.95,71.95
2026-03-23,SH031-8,SH031,8,1,62.77,62.77
2026-03-24,SH011-8,SH011,8,1,79.95,79.95
2026-03-24,SH034-9,SH034,9,1,30.89,30.89
2026-03-24,SH035-7,SH035,7,1,83.36,83.36
2026-03-24,SH039-9,SH039,9,1,54.19,54.19
2026-03-24,SH046-9,SH046,9,1,57.16,57.16
2026-03-25,SH007-5,SH007,5,1,39.4,39.4
2026-03-25,SH011-6,SH011,6,1,79.95,79.95
2026-03-25,SH031-7,SH031,7,1,62.77,62.77
2026-03-25,SH031-9,SH031,9,1,62.77,62.77
2026-03-25,SH034-10,SH034,10,1,34.32,34.32
2026-03-25,SH043-8,SH043,8,1,82.39,82.39
2026-03-26,SH019-6,SH019,6,1,69.95,69.95
2026-03-26,SH019-8,SH019,8,1,69.95,69.95
2026-03-27,SH018-9,SH018,9,1,46.29,46.29
2026-03-27,SH023-8,SH023,8,1,59.23,59.23
2026-03-27,SH047-8,SH047,8,1,39.38,39.38
2026-03-28,SH023-5,SH023,5,1,53.31,53.31
2026-03-28,SH039-8,SH039,8,1,54.19,54.19
2026-03-28,SH042-5,SH042,5,1,31.25,31.25
2026-03-29,SH018-5,SH018,5,1,51.43,51.43
2026-03-29,SH019-5,SH019,5,1,69.95,69.95
2026-03-29,SH047-6,SH047,6,1,43.76,43.76
2026-03-30,SH018-6,SH018,6,1,51.43,51.43
2026-03-30,SH019-7,SH019,7,1,69.95,69.95
2026-03-30,SH035-8,SH035,8,1,83.36,83.36
2026-03-30,SH039-8,SH039,8,1,54.19,54.19
2026-03-30,SH043-8,SH043,8,1,82.39,82.39
2026-03-30,SH046-5,SH046,5,1,57.16,57.16
2026-03-31,SH003-8,SH003,8,1,50.3,50.3
2026-03-31,SH015-10,SH015,10,1,35.84,35.84
2026-04-01,SH010-10,SH010,10,1,60.06,60.06
2026-04-01,SH042-5,SH042,5,1,28.12,28.12
2026-04-01,SH047-7,SH047,7,1,43.76,43.76
2026-04-01,SH047-9,SH047,9,1,43.76,43.76
2026-04-02,SH010-10,SH010,10,1,54.05,54.05
2026-04-02,SH023-6,SH023,6,1,59.23,59.23
2026-04-02,SH047-7,SH047,7,1,43.76,43.76
2026-04-03,SH018-6,SH018,6,1,51.43,51.43
2026-04-03,SH035-8,SH035,8,1,83.36,83.36
2026-04-04,SH002-5,SH002,5,1,59.9,59.9
2026-04-04,SH039-7,SH039,7,1,54.19,54.19
2026-04-04,SH047-8,SH047,8,1,43.76,43.76
2026-04-05,SH011-8,SH011,8,1,71.95,71.95
2026-04-06,SH003-9,SH003,9,1,50.3,50.3
2026-04-06,SH046-10,SH046,10,1,57.16,57.16
2026-04-07,SH039-10,SH039,10,1,54.19,54.19
2026-04-07,SH043-10,SH043,10,1,91.55,91.55
2026-04-08,SH015-6,SH015,6,1,35.84,35.84
2026-04-08,SH015-8,SH015,8,1,32.26,32.26
2026-04-08,SH023-8,SH023,8,1,59.23,59.23
2026-04-08,SH035-9,SH035,9,1,83.36,83.36
2026-04-08,SH042-10,SH042,10,1,28.12,28.12
2026-04-08,SH047-6,SH047,6,1,43.76,43.76
2026-04-09,SH015-6,SH015,6,1,32.26,32.26
2026-04-09,SH019-10,SH019,10,1,69.95,69.95
2026-04-09,SH035-8,SH035,8,1,83.36,83.36
2026-04-10,SH027-10,SH027,10,1,70.68,70.68
2026-04-10,SH039-7,SH039,7,1,48.77,48.77
2026-04-10,SH039-8,SH039,8,1,54.19,54.19
2026-04-10,SH047-9,SH047,9,1,43.76,43.76
2026-04-11,SH011-6,SH011,6,1,79.95,79.95
2026-04-11,SH042-5,SH042,5,1,31.25,31.25
2026-04-12,SH015-8,SH015,8,1,35.84,35.84
2026-04-13,SH002-10,SH002,10,1,59.9,59.9
2026-04-13,SH011-6,SH011,6,1,79.95,79.95
2026-04-13,SH023-7,SH023,7,1,53.31,53.31
2026-04-13,SH023-9,SH023,9,1,59.23,59.23
2026-04-13,SH027-5,SH027,5,1,78.53,78.53
2026-04-13,SH031-7,SH031,7,1,56.49,56.49
2026-04-14,SH019-8,SH019,8,1,69.95,69.95
2026-04-14,SH046-6,SH046,6,1,57.16,57.16
2026-04-15,SH003-5,SH003,5,1,50.3,50.3
2026-04-15,SH027-7,SH027,7,1,78.53,78.53
2026-04-15,SH042-9,SH042,9,1,28.12,28.12
2026-04-15,SH046-10,SH046,10,1,51.44,51.44
2026-04-15,SH047-7,SH047,7,1,39.38,39.38
2026-04-16,SH011-8,SH011,8,1,79.95,79.95
2026-04-16,SH015-8,SH015,8,1,32.26,32.26
2026-04-16,SH018-5,SH018,5,1,46.29,46.29
2026-04-16,SH031-7,SH031,7,1,56.49,56.49
2026-04-16,SH042-10,SH042,10,1,31.25,31.25
2026-04-16,SH042-9,SH042,9,1,31.25,31.25
2026-04-16,SH046-5,SH046,5,1,57.16,57.16
2026-04-17,SH031-8,SH031,8,1,62.77,62.77
2026-04-18,SH007-10,SH007,10,1,43.78,43.78
2026-04-19,SH002-7,SH002,7,1,53.91,53.91
2026-04-19,SH023-8,SH023,8,1,53.31,53.31
2026-04-19,SH031-7,SH031,7,1,56.49,56.49
2026-04-19,SH035-7,SH035,7,1,83.36,83.36
2026-04-20,SH007-10,SH007,10,1,43.78,43.78
2026-04-20,SH023-8,SH023,8,1,59.23,59.23
2026-04-20,SH047-10,SH047,10,1,43.76,43.76
2026-04-21,SH002-7,SH002,7,1,59.9,59.9
2026-04-21,SH003-9,SH003,9,1,50.3,50.3
2026-04-21,SH007-6,SH007,6,1,43.78,43.78
2026-04-21,SH023-8,SH023,8,1,59.23,59.23
2026-04-21,SH031-8,SH031,8,1,62.77,62.77
2026-04-22,SH002-7,SH002,7,1,53.91,53.91
2026-04-22,SH002-9,SH002,9,1,59.9,59.9
2026-04-22,SH015-9,SH015,9,1,32.26,32.26
2026-04-22,SH027-6,SH027,6,1,78.53,78.53
2026-04-22,SH035-9,SH035,9,1,83.36,83.36
2026-04-23,SH002-6,SH002,6,1,59.9,59.9
2026-04-23,SH046-6,SH046,6,1,57.16,57.16
2026-04-24,SH002-7,SH002,7,1,59.9,59.9
2026-04-24,SH003-9,SH003,9,1,50.3,50.3
2026-04-24,SH007-8,SH007,8,1,43.78,43.78
2026-04-24,SH023-10,SH023,10,1,53.31,53.31
2026-04-24,SH046-10,SH046,10,1,57.16,57.16
2026-04-24,SH046-5,SH046,5,1,57.16,57.16
2026-04-25,SH002-6,SH002,6,1,59.9,59.9
2026-04-26,SH002-9,SH002,9,1,59.9,59.9
2026-04-28,SH007-7,SH007,7,1,43.78,43.78
2026-04-28,SH027-7,SH027,7,1,78.53,78.53
2026-04-28,SH035-8,SH035,8,1,83.36,83.36
2026-04-29,SH035-10,SH035,10,1,83.36,83.36
2026-04-29,SH039-8,SH039,8,1,54.19,54.19
2026-04-29,SH043-8,SH043,8,1,82.39,82.39
2026-04-29,SH046-5,SH046,5,1,57.16,57.16
2026-04-30,SH002-10,SH002,10,1,53.91,53.91
2026-04-30,SH007-6,SH007,6,1,43.78,43.78
2026-04-30,SH035-7,SH035,7,1,83.36,83.36
2026-05-01,SH007-8,SH007,8,1,43.78,43.78
2026-05-01,SH046-6,SH046,6,1,57.16,57.16
2026-05-02,SH019-7,SH019,7,1,69.95,69.95
2026-05-02,SH035-10,SH035,10,1,83.36,83.36
2026-05-03,SH002-8,SH002,8,1,59.9,59.9
2026-05-03,SH007-5,SH007,5,1,43.78,43.78
2026-05-03,SH043-6,SH043,6,1,82.39,82.39
2026-05-04,SH007-8,SH007,8,1,43.78,43.78
2026-05-05,SH039-7,SH039,7,1,54.19,54.19
2026-05-07,SH002-8,SH002,8,1,53.91,53.91
2026-05-07,SH043-10,SH043,10,1,91.55,91.55
2026-05-07,SH047-6,SH047,6,1,39.38,39.38
2026-05-08,SH002-8,SH002,8,1,59.9,59.9
2026-05-08,SH019-9,SH019,9,1,69.95,69.95
2026-05-08,SH035-9,SH035,9,1,83.36,83.36
2026-05-09,SH011-9,SH011,9,1,79.95,79.95
2026-05-10,SH002-5,SH002,5,1,59.9,59.9
2026-05-10,SH002-7,SH002,7,1,53.91,53.91
2026-05-10,SH015-5,SH015,5,1,35.84,35.84
2026-05-10,SH043-7,SH043,7,1,91.55,91.55
2026-05-11,SH002-9,SH002,9,1,59.9,59.9
2026-05-11,SH011-9,SH011,9,1,79.95,79.95
2026-05-12,SH011-7,SH011,7,1,71.95,71.95
2026-05-12,SH035-8,SH035,8,1,83.36,83.36
2026-05-12,SH039-5,SH039,5,1,54.19,54.19
2026-05-12,SH039-7,SH039,7,1,48.77,48.77
2026-05-12,SH039-9,SH039,9,1,54.19,54.19
2026-05-13,SH002-8,SH002,8,1,53.91,53.91
2026-05-13,SH043-6,SH043,6,1,91.55,91.55
2026-05-14,SH002-8,SH002,8,1,59.9,59.9
2026-05-15,SH002-7,SH002,7,1,59.9,59.9
2026-05-15,SH031-8,SH031,8,1,62.77,62.77
2026-05-15,SH039-7,SH039,7,1,54.19,54.19
2026-05-15,SH039-8,SH039,8,1,48.77,48.77
2026-05-16,SH002-8,SH002,8,1,59.9,59.9
2026-05-16,SH011-9,SH011,9,1,71.95,71.95
2026-05-17,SH002-8,SH002,8,1,59.9,59.9
2026-05-17,SH027-9,SH027,9,1,78.53,78.53
2026-05-17,SH031-8,SH031,8,1,62.77,62.77
2026-05-18,SH002-8,SH002,8,1,59.9,59.9
2026-05-18,SH031-5,SH031,5,1,62.77,62.77
2026-05-19,SH002-8,SH002,8,1,53.91,53.91
2026-05-19,SH023-9,SH023,9,1,59.23,59.23
2026-05-19,SH047-7,SH047,7,1,43.76,43.76
2026-05-20,SH027-10,SH027,10,1,78.53,78.53
2026-05-21,SH015-7,SH015,7,1,35.84,35.84
2026-05-21,SH015-9,SH015,9,1,35.84,35.84
2026-05-21,SH027-10,SH027,10,1,78.53,78.53
2026-05-21,SH047-7,SH047,7,1,43.76,43.76
2026-05-22,SH003-8,SH003,8,1,50.3,50.3
2026-05-22,SH007-8,SH007,8,1,43.78,43.78
2026-05-22,SH011-7,SH011,7,1,79.95,79.95
2026-05-22,SH035-6,SH035,6,1,83.36,83.36
2026-05-22,SH043-7,SH043,7,1,91.55,91.55
2026-05-23,SH002-7,SH002,7,1,59.9,59.9
2026-05-24,SH002-7,SH002,7,1,53.91,53.91
2026-05-24,SH011-10,SH011,10,1,71.95,71.95
2026-05-24,SH047-8,SH047,8,1,43.76,43.76
2026-05-25,SH015-5,SH015,5,1,35.84,35.84
2026-05-26,SH007-9,SH007,9,1,43.78,43.78
2026-05-27,SH002-9,SH002,9,1,59.9,59.9
2026-05-27,SH035-6,SH035,6,1,83.36,83.36
2026-05-28,SH002-6,SH002,6,1,59.9,59.9
2026-05-28,SH007-7,SH007,7,1,43.78,43.78
2026-05-30,SH003-8,SH003,8,1,45.27,45.27
2026-05-31,SH002-7,SH002,7,1,59.9,59.9
2026-05-31,SH031-8,SH031,8,1,62.77,62.77
2026-05-31,SH035-8,SH035,8,1,75.02,75.02
2026-05-31,SH039-8,SH039,8,1,54.19,54.19
2026-06-01,SH002-6,SH002,6,1,59.9,59.9
2026-06-01,SH019-5,SH019,5,1,69.95,69.95
2026-06-01,SH043-9,SH043,9,1,82.39,82.39
2026-06-02,SH015-8,SH015,8,1,35.84,35.84
2026-06-02,SH027-9,SH027,9,1,78.53,78.53
2026-06-03,SH031-9,SH031,9,1,62.77,62.77
2026-06-04,SH002-9,SH002,9,1,59.9,59.9
2026-06-04,SH019-7,SH019,7,1,69.95,69.95
2026-06-04,SH027-8,SH027,8,1,78.53,78.53
2026-06-04,SH043-5,SH043,5,1,82.39,82.39
2026-06-06,SH003-8,SH003,8,1,45.27,45.27
2026-06-06,SH047-9,SH047,9,1,39.38,39.38
2026-06-07,SH003-8,SH003,8,1,50.3,50.3
2026-06-07,SH031-8,SH031,8,1,62.77,62.77
2026-06-07,SH047-8,SH047,8,1,43.76,43.76
2026-06-08,SH031-5,SH031,5,1,62.77,62.77
2026-06-08,SH039-10,SH039,10,1,54.19,54.19
2026-06-09,SH003-9,SH003,9,1,50.3,50.3
2026-06-09,SH011-8,SH011,8,1,79.95,79.95
2026-06-10,SH011-10,SH011,10,1,71.95,71.95
2026-06-10,SH031-8,SH031,8,1,62.77,62.77
2026-06-10,SH039-8,SH039,8,1,54.19,54.19
2026-06-11,SH035-8,SH035,8,1,83.36,83.36
2026-06-11,SH039-6,SH039,6,1,54.19,54.19
2026-06-12,SH002-9,SH002,9,1,59.9,59.9
2026-06-12,SH007-8,SH007,8,1,39.4,39.4
2026-06-13,SH003-7,SH003,7,1,50.3,50.3
2026-06-13,SH027-7,SH027,7,1,70.68,70.68
2026-06-14,SH047-9,SH047,9,1,43.76,43.76
2026-06-15,SH007-9,SH007,9,1,43.78,43.78
2026-06-15,SH023-6,SH023,6,1,59.23,59.23
2026-06-15,SH043-9,SH043,9,1,91.55,91.55
2026-06-15,SH047-9,SH047,9,1,43.76,43.76
2026-06-16,SH019-8,SH019,8,1,62.96,62.96
2026-06-16,SH023-8,SH023,8,1,53.31,53.31
2026-06-17,SH003-7,SH003,7,1,45.27,45.27
2026-06-17,SH027-6,SH027,6,1,78.53,78.53
2026-06-17,SH031-7,SH031,7,1,62.77,62.77
2026-06-17,SH043-9,SH043,9,1,91.55,91.55
2026-06-18,SH003-10,SH003,10,1,50.3,50.3
2026-06-18,SH031-8,SH031,8,1,62.77,62.77
2026-06-19,SH035-7,SH035,7,1,75.02,75.02
2026-06-20,SH007-10,SH007,10,1,43.78,43.78
2026-06-20,SH023-8,SH023,8,1,59.23,59.23
2026-06-20,SH031-8,SH031,8,1,56.49,56.49
2026-06-20,SH039-6,SH039,6,1,54.19,54.19
2026-06-20,SH043-7,SH043,7,1,91.55,91.55
2026-06-21,SH027-10,SH027,10,1,70.68,70.68
2026-06-21,SH027-7,SH027,7,1,78.53,78.53
2026-06-21,SH027-8,SH027,8,1,78.53,78.53
2026-06-21,SH043-7,SH043,7,1,91.55,91.55
2026-06-21,SH047-7,SH047,7,1,43.76,43.76
2026-06-22,SH002-9,SH002,9,1,59.9,59.9
2026-06-22,SH007-7,SH007,7,1,43.78,43.78
2026-06-22,SH007-8,SH007,8,1,39.4,39.4
2026-06-22,SH031-8,SH031,8,1,62.77,62.77
2026-06-22,SH047-8,SH047,8,1,43.76,43.76
2026-06-23,SH003-7,SH003,7,1,50.3,50.3
2026-06-23,SH035-8,SH035,8,1,83.36,83.36
2026-06-24,SH007-5,SH007,5,1,43.78,43.78
2026-06-24,SH019-7,SH019,7,1,69.95,69.95
2026-06-24,SH023-7,SH023,7,1,59.23,59.23
2026-06-25,SH047-6,SH047,6,1,43.76,43.76
2026-06-26,SH023-8,SH023,8,1,59.23,59.23
2026-06-26,SH039-6,SH039,6,1,54.19,54.19
2026-06-27,SH011-8,SH011,8,1,79.95,79.95
2026-06-27,SH031-6,SH031,6,1,62.77,62.77
2026-06-27,SH035-8,SH035,8,1,83.36,83.36
2026-06-28,SH011-5,SH011,5,1,71.95,71.95
2026-06-29,SH015-9,SH015,9,1,35.84,35.84
2026-06-29,SH039-5,SH039,5,1,54.19,54.19
2026-07-01,SH007-8,SH007,8,1,43.78,43.78
2026-07-01,SH027-7,SH027,7,1,70.68,70.68
2026-07-01,SH027-8,SH027,8,1,78.53,78.53
2026-07-02,SH003-8,SH003,8,1,45.27,45.27
2026-07-02,SH023-5,SH023,5,1,59.23,59.23
2026-07-02,SH027-5,SH027,5,1,78.53,78.53
2026-07-02,SH035-7,SH035,7,1,83.36,83.36
2026-07-03,SH015-6,SH015,6,1,35.84,35.84
2026-07-03,SH023-7,SH023,7,1,59.23,59.23
2026-07-03,SH031-9,SH031,9,1,62.77,62.77
2026-07-04,SH007-10,SH007,10,1,39.4,39.4
2026-07-04,SH007-8,SH007,8,1,39.4,39.4
2026-07-04,SH007-9,SH007,9,1,39.4,39.4
2026-07-04,SH027-6,SH027,6,1,78.53,78.53
2026-07-05,SH031-8,SH031,8,1,62.77,62.77
2026-07-06,SH003-10,SH003,10,1,50.3,50.3
2026-07-06,SH003-8,SH003,8,1,50.3,50.3
2026-07-06,SH015-9,SH015,9,1,32.26,32.26
2026-07-06,SH031-6,SH031,6,1,62.77,62.77
2026-07-06,SH043-9,SH043,9,1,91.55,91.55
2026-07-07,SH003-10,SH003,10,1,45.27,45.27
2026-07-08,SH035-8,SH035,8,1,75.02,75.02
2026-07-08,SH035-9,SH035,9,1,83.36,83.36
2026-07-09,SH043-10,SH043,10,1,82.39,82.39
2026-07-10,SH015-7,SH015,7,1,35.84,35.84
2026-07-10,SH023-9,SH023,9,1,59.23,59.23
2026-07-10,SH047-7,SH047,7,1,43.76,43.76
2026-07-11,SH039-10,SH039,10,1,48.77,48.77
2026-07-11,SH047-9,SH047,9,1,43.76,43.76
2026-07-12,SH011-8,SH011,8,1,79.95,79.95
2026-07-12,SH047-7,SH047,7,1,43.76,43.76
2026-07-13,SH003-6,SH003,6,1,50.3,50.3
2026-07-13,SH011-9,SH011,9,1,79.95,79.95
2026-07-13,SH015-10,SH015,10,1,35.84,35.84
2026-07-13,SH023-6,SH023,6,1,59.23,59.23
2026-07-13,SH043-10,SH043,10,1,91.55,91.55
2026-07-14,SH027-7,SH027,7,1,70.68,70.68
2026-07-14,SH035-7,SH035,7,1,83.36,83.36
2026-07-16,SH031-7,SH031,7,1,62.77,62.77
2026-07-16,SH047-8,SH047,8,1,39.38,39.38
2026-07-17,SH011-8,SH011,8,1,71.95,71.95
2026-07-17,SH019-8,SH019,8,1,69.95,69.95
2026-07-18,SH007-8,SH007,8,1,39.4,39.4
2026-07-18,SH047-8,SH047,8,1,39.38,39.38
2026-07-19,SH015-6,SH015,6,1,35.84,35.84
2026-07-19,SH019-8,SH019,8,1,69.95,69.95
2026-07-20,SH027-6,SH027,6,1,78.53,78.53
2026-07-21,SH007-8,SH007,8,1,43.78,43.78
2026-07-21,SH031-7,SH031,7,1,62.77,62.77
2026-07-21,SH039-8,SH039,8,1,54.19,54.19
2026-07-22,SH019-6,SH019,6,1,69.95,69.95
2026-07-22,SH043-9,SH043,9,1,91.55,91.55
2026-07-23,SH035-6,SH035,6,1,83.36,83.36
2026-07-24,SH015-6,SH015,6,1,32.26,32.26
2026-07-24,SH023-6,SH023,6,1,59.23,59.23
2026-07-25,SH011-7,SH011,7,1,79.95,79.95
2026-07-25,SH023-9,SH023,9,1,53.31,53.31
2026-07-25,SH039-7,SH039,7,1,54.19,54.19
2026-07-26,SH035-5,SH035,5,1,83.36,83.36
2026-07-27,SH003-8,SH003,8,1,50.3,50.3
2026-07-27,SH023-6,SH023,6,1,53.31,53.31
2026-07-28,SH011-6,SH011,6,1,79.95,79.95
2026-07-29,SH023-8,SH023,8,1,53.31,53.31
2026-07-31,SH003-7,SH003,7,1,50.3,50.3
2026-07-31,SH039-7,SH039,7,1,48.77,48.77
2026-07-31,SH047-7,SH047,7,1,43.76,43.76
2026-08-01,SH011-10,SH011,10,1,79.95,79.95
2026-08-01,SH011-8,SH011,8,1,71.95,71.95
2026-08-01,SH019-8,SH019,8,1,69.95,69.95
2026-08-01,SH027-8,SH027,8,1,78.53,78.53
2026-08-01,SH043-8,SH043,8,1,91.55,91.55
2026-08-02,SH027-6,SH027,6,1,78.53,78.53
2026-08-02,SH027-7,SH027,7,1,78.53,78.53
2026-08-03,SH043-5,SH043,5,1,91.55,91.55
2026-08-03,SH047-6,SH047,6,1,43.76,43.76
2026-08-04,SH011-6,SH011,6,1,79.95,79.95
2026-08-04,SH011-7,SH011,7,1,79.95,79.95
2026-08-04,SH039-7,SH039,7,1,54.19,54.19
2026-08-04,SH047-7,SH047,7,1,43.76,43.76
2026-08-05,SH039-6,SH039,6,1,54.19,54.19
2026-08-05,SH047-5,SH047,5,1,43.76,43.76
2026-08-06,SH031-5,SH031,5,1,62.77,62.77
2026-08-06,SH031-6,SH031,6,1,62.77,62.77
2026-08-06,SH031-9,SH031,9,1,62.77,62.77
2026-08-06,SH047-5,SH047,5,1,43.76,43.76
2026-08-07,SH023-9,SH023,9,1,59.23,59.23
2026-08-07,SH035-7,SH035,7,1,75.02,75.02
2026-08-08,SH008-10,SH008,10,1,28.52,28.52
2026-08-08,SH040-7,SH040,7,1,36.53,36.53
2026-08-09,SH011-5,SH011,5,1,79.95,79.95
2026-08-09,SH012-9,SH012,9,1,57.64,57.64
2026-08-09,SH039-7,SH039,7,1,54.19,54.19
2026-08-10,SH007-8,SH007,8,1,43.78,43.78
2026-08-10,SH019-6,SH019,6,1,69.95,69.95
2026-08-10,SH035-10,SH035,10,1,83.36,83.36
2026-08-11,SH040-7,SH040,7,1,36.53,36.53
2026-08-11,SH047-7,SH047,7,1,43.76,43.76
2026-08-13,SH011-8,SH011,8,1,71.95,71.95
2026-08-13,SH047-6,SH047,6,1,43.76,43.76
2026-08-13,SH049-7,SH049,7,1,65.98,65.98
2026-08-14,SH027-8,SH027,8,1,78.53,78.53
2026-08-14,SH043-5,SH043,5,1,91.55,91.55
2026-08-14,SH049-7,SH049,7,1,65.98,65.98
2026-08-15,SH035-7,SH035,7,1,83.36,83.36
2026-08-15,SH049-6,SH049,6,1,65.98,65.98
2026-08-15,SH049-8,SH049,8,1,59.38,59.38
2026-08-16,SH005-8,SH005,8,1,53.86,53.86
2026-08-16,SH043-10,SH043,10,1,82.39,82.39
2026-08-17,SH005-8,SH005,8,1,53.86,53.86
2026-08-17,SH033-8,SH033,8,1,61.51,61.51
2026-08-17,SH035-8,SH035,8,1,83.36,83.36
2026-08-17,SH039-8,SH039,8,1,54.19,54.19
2026-08-17,SH043-10,SH043,10,1,82.39,82.39
2026-08-17,SH043-5,SH043,5,1,82.39,82.39
2026-08-17,SH044-9,SH044,9,1,56.19,56.19
2026-08-17,SH049-8,SH049,8,1,65.98,65.98
2026-08-18,SH031-6,SH031,6,1,62.77,62.77
2026-08-18,SH049-7,SH049,7,1,59.38,59.38
2026-08-18,SH049-8,SH049,8,1,65.98,65.98
2026-08-19,SH005-8,SH005,8,1,53.86,53.86
2026-08-19,SH019-7,SH019,7,1,62.96,62.96
2026-08-19,SH033-6,SH033,6,1,68.35,68.35
2026-08-19,SH035-6,SH035,6,1,83.36,83.36
2026-08-19,SH049-6,SH049,6,1,65.98,65.98
2026-08-19,SH049-7,SH049,7,1,65.98,65.98
2026-08-20,SH005-5,SH005,5,1,53.86,53.86
2026-08-20,SH005-6,SH005,6,1,53.86,53.86
2026-08-20,SH005-8,SH005,8,1,48.47,48.47
2026-08-20,SH011-7,SH011,7,1,79.95,79.95
2026-08-20,SH015-8,SH015,8,1,35.84,35.84
2026-08-20,SH021-8,SH021,8,1,44.36,44.36
2026-08-20,SH027-9,SH027,9,1,78.53,78.53
2026-08-20,SH033-7,SH033,7,1,68.35,68.35
2026-08-20,SH033-8,SH033,8,1,68.35,68.35
2026-08-20,SH044-7,SH044,7,1,56.19,56.19
2026-08-21,SH005-7,SH005,7,1,53.86,53.86
2026-08-21,SH011-8,SH011,8,1,79.95,79.95
2026-08-21,SH015-6,SH015,6,1,35.84,35.84
2026-08-21,SH031-7,SH031,7,1,62.77,62.77
2026-08-21,SH049-10,SH049,10,1,65.98,65.98
2026-08-21,SH049-8,SH049,8,1,59.38,59.38
2026-08-21,SH049-9,SH049,9,1,65.98,65.98
2026-08-22,SH003-8,SH003,8,1,50.3,50.3
2026-08-22,SH005-5,SH005,5,1,48.47,48.47
2026-08-22,SH021-10,SH021,10,1,44.36,44.36
2026-08-22,SH021-6,SH021,6,1,44.36,44.36
2026-08-22,SH027-8,SH027,8,1,78.53,78.53
2026-08-22,SH031-8,SH031,8,1,56.49,56.49
2026-08-22,SH043-8,SH043,8,1,91.55,91.55
2026-08-23,SH027-10,SH027,10,1,70.68,70.68
2026-08-23,SH033-8,SH033,8,1,61.51,61.51
2026-08-23,SH041-7,SH041,7,1,61.12,61.12
2026-08-23,SH049-8,SH049,8,1,59.38,59.38
2026-08-24,SH016-9,SH016,9,1,39.53,39.53
2026-08-24,SH033-9,SH033,9,1,61.51,61.51
2026-08-24,SH041-6,SH041,6,1,61.12,61.12
2026-08-24,SH041-8,SH041,8,1,61.12,61.12
2026-08-24,SH043-6,SH043,6,1,82.39,82.39
2026-08-24,SH049-9,SH049,9,1,65.98,65.98
2026-08-25,SH004-9,SH004,9,1,49.4,49.4
2026-08-25,SH005-5,SH005,5,1,53.86,53.86
2026-08-25,SH005-8,SH005,8,1,53.86,53.86
2026-08-25,SH011-9,SH011,9,1,79.95,79.95
2026-08-25,SH021-7,SH021,7,1,39.92,39.92
2026-08-25,SH031-8,SH031,8,1,62.77,62.77
2026-08-25,SH035-10,SH035,10,1,83.36,83.36
2026-08-25,SH036-8,SH036,8,1,68.0,68.0
2026-08-25,SH041-10,SH041,10,1,55.01,55.01
2026-08-25,SH041-5,SH041,5,1,61.12,61.12
2026-08-26,SH023-7,SH023,7,1,53.31,53.31
2026-08-26,SH033-7,SH033,7,1,61.51,61.51
2026-08-26,SH041-8,SH041,8,1,61.12,61.12
2026-08-27,SH011-8,SH011,8,1,79.95,79.95
2026-08-27,SH029-5,SH029,5,1,36.76,36.76
2026-08-27,SH029-7,SH029,7,1,36.76,36.76
2026-08-27,SH029-8,SH029,8,1,40.84,40.84
2026-08-27,SH035-5,SH035,5,1,83.36,83.36
2026-08-28,SH005-9,SH005,9,1,53.86,53.86
2026-08-28,SH016-6,SH016,6,1,39.53,39.53
2026-08-28,SH019-9,SH019,9,1,69.95,69.95
2026-08-28,SH021-10,SH021,10,1,44.36,44.36
2026-08-28,SH021-7,SH021,7,1,44.36,44.36
2026-08-28,SH021-8,SH021,8,1,44.36,44.36
2026-08-28,SH029-6,SH029,6,1,36.76,36.76
2026-08-28,SH029-7,SH029,7,1,40.84,40.84
2026-08-28,SH039-7,SH039,7,1,54.19,54.19
2026-08-28,SH049-10,SH049,10,1,65.98,65.98
2026-08-28,SH049-6,SH049,6,1,65.98,65.98
2026-08-29,SH021-6,SH021,6,1,44.36,44.36
2026-08-29,SH023-10,SH023,10,1,59.23,59.23
2026-08-29,SH029-8,SH029,8,1,36.76,36.76
2026-08-29,SH043-8,SH043,8,1,91.55,91.55
2026-08-30,SH005-6,SH005,6,1,53.86,53.86
2026-08-30,SH005-7,SH005,7,1,53.86,53.86
2026-08-30,SH011-5,SH011,5,1,71.95,71.95
2026-08-30,SH021-9,SH021,9,1,44.36,44.36
2026-08-30,SH029-10,SH029,10,1,40.84,40.84
2026-08-30,SH029-7,SH029,7,1,40.84,40.84
2026-08-30,SH031-9,SH031,9,1,62.77,62.77
2026-08-30,SH039-10,SH039,10,1,54.19,54.19
2026-08-30,SH044-7,SH044,7,1,50.57,50.57
2026-08-30,SH049-8,SH049,8,1,59.38,59.38
2026-08-31,SH005-8,SH005,8,1,53.86,53.86
2026-08-31,SH021-6,SH021,6,1,44.36,44.36
2026-08-31,SH021-7,SH021,7,1,44.36,44.36
2026-08-31,SH021-8,SH021,8,1,39.92,39.92
2026-08-31,SH029-5,SH029,5,1,40.84,40.84
2026-08-31,SH033-7,SH033,7,1,68.35,68.35
2026-08-31,SH033-9,SH033,9,1,68.35,68.35
2026-08-31,SH037-9,SH037,9,1,45.03,45.03
2026-08-31,SH041-5,SH041,5,1,61.12,61.12
2026-08-31,SH041-8,SH041,8,1,55.01,55.01
2026-09-01,SH005-6,SH005,6,1,53.86,53.86
2026-09-01,SH011-7,SH011,7,1,79.95,79.95
2026-09-01,SH021-7,SH021,7,1,39.92,39.92
2026-09-01,SH021-9,SH021,9,1,44.36,44.36
2026-09-01,SH032-10,SH032,10,1,89.47,89.47
2026-09-01,SH033-7,SH033,7,1,61.51,61.51
2026-09-01,SH041-6,SH041,6,1,61.12,61.12
2026-09-02,SH005-10,SH005,10,1,53.86,53.86
2026-09-02,SH007-9,SH007,9,1,43.78,43.78
2026-09-02,SH011-5,SH011,5,1,79.95,79.95
2026-09-02,SH021-5,SH021,5,1,39.92,39.92
2026-09-02,SH021-9,SH021,9,1,44.36,44.36
2026-09-02,SH029-5,SH029,5,1,36.76,36.76
2026-09-02,SH029-7,SH029,7,1,36.76,36.76
2026-09-02,SH031-6,SH031,6,1,62.77,62.77
2026-09-02,SH037-7,SH037,7,1,45.03,45.03
2026-09-02,SH039-7,SH039,7,1,48.77,48.77
2026-09-02,SH041-8,SH041,8,1,55.01,55.01
2026-09-02,SH049-5,SH049,5,1,59.38,59.38
2026-09-03,SH005-6,SH005,6,1,53.86,53.86
2026-09-03,SH019-6,SH019,6,1,69.95,69.95
2026-09-03,SH021-10,SH021,10,1,44.36,44.36
2026-09-03,SH029-10,SH029,10,1,40.84,40.84
2026-09-03,SH033-5,SH033,5,1,61.51,61.51
2026-09-03,SH033-9,SH033,9,1,68.35,68.35
2026-09-03,SH041-7,SH041,7,1,61.12,61.12
2026-09-03,SH049-6,SH049,6,1,65.98,65.98
2026-09-04,SH007-7,SH007,7,1,39.4,39.4
2026-09-04,SH019-6,SH019,6,1,69.95,69.95
2026-09-04,SH021-9,SH021,9,1,44.36,44.36
2026-09-04,SH025-9,SH025,9,1,33.31,33.31
2026-09-04,SH033-7,SH033,7,1,68.35,68.35
2026-09-04,SH033-8,SH033,8,1,61.51,61.51
2026-09-04,SH035-6,SH035,6,1,83.36,83.36
2026-09-04,SH037-5,SH037,5,1,40.53,40.53
2026-09-04,SH037-7,SH037,7,1,40.53,40.53
2026-09-04,SH041-8,SH041,8,1,61.12,61.12
2026-09-04,SH047-7,SH047,7,1,43.76,43.76
2026-09-04,SH049-8,SH049,8,1,65.98,65.98
2026-09-04,SH049-9,SH049,9,1,65.98,65.98
2026-09-05,SH005-8,SH005,8,1,48.47,48.47
2026-09-05,SH025-10,SH025,10,1,33.31,33.31
2026-09-05,SH025-6,SH025,6,1,29.98,29.98
2026-09-05,SH025-9,SH025,9,1,29.98,29.98
2026-09-05,SH029-8,SH029,8,1,40.84,40.84
2026-09-05,SH041-5,SH041,5,1,61.12,61.12
2026-09-06,SH019-5,SH019,5,1,69.95,69.95
2026-09-06,SH021-7,SH021,7,1,44.36,44.36
2026-09-06,SH025-10,SH025,10,1,29.98,29.98
2026-09-06,SH025-7,SH025,7,1,33.31,33.31
2026-09-06,SH029-7,SH029,7,1,40.84,40.84
2026-09-06,SH037-6,SH037,6,1,40.53,40.53
2026-09-07,SH009-6,SH009,6,1,36.65,36.65
2026-09-07,SH009-9,SH009,9,1,36.65,36.65
2026-09-07,SH025-8,SH025,8,1,33.31,33.31
2026-09-07,SH027-8,SH027,8,1,78.53,78.53
2026-09-07,SH029-8,SH029,8,1,40.84,40.84
2026-09-07,SH031-7,SH031,7,1,62.77,62.77
2026-09-07,SH033-7,SH033,7,1,68.35,68.35
2026-09-07,SH037-10,SH037,10,1,45.03,45.03
2026-09-08,SH005-8,SH005,8,1,53.86,53.86
2026-09-08,SH009-6,SH009,6,1,36.65,36.65
2026-09-08,SH021-7,SH021,7,1,39.92,39.92
2026-09-08,SH021-9,SH021,9,1,44.36,44.36
2026-09-08,SH037-8,SH037,8,1,40.53,40.53
2026-09-08,SH049-10,SH049,10,1,65.98,65.98
2026-09-08,SH049-6,SH049,6,1,65.98,65.98
2026-09-08,SH049-7,SH049,7,1,59.38,59.38
2026-09-08,SH049-8,SH049,8,1,65.98,65.98
2026-09-09,SH009-8,SH009,8,1,32.98,32.98
2026-09-09,SH012-6,SH012,6,1,51.88,51.88
2026-09-09,SH019-7,SH019,7,1,69.95,69.95
2026-09-09,SH021-10,SH021,10,1,39.92,39.92
2026-09-09,SH021-6,SH021,6,1,44.36,44.36
2026-09-09,SH025-8,SH025,8,1,33.31,33.31
2026-09-09,SH037-5,SH037,5,1,40.53,40.53
2026-09-09,SH037-6,SH037,6,1,45.03,45.03
2026-09-09,SH045-7,SH045,7,1,71.25,71.25
2026-09-09,SH049-10,SH049,10,1,65.98,65.98
2026-09-10,SH004-7,SH004,7,1,44.46,44.46
2026-09-10,SH008-6,SH008,6,1,28.52,28.52
2026-09-10,SH009-7,SH009,7,1,36.65,36.65
2026-09-10,SH020-7,SH020,7,1,38.05,38.05
2026-09-10,SH025-6,SH025,6,1,29.98,29.98
2026-09-10,SH025-8,SH025,8,1,29.98,29.98
2026-09-10,SH029-7,SH029,7,1,40.84,40.84
2026-09-10,SH031-6,SH031,6,1,62.77,62.77
2026-09-10,SH037-6,SH037,6,1,45.03,45.03
2026-09-10,SH037-8,SH037,8,1,45.03,45.03
2026-09-10,SH041-10,SH041,10,1,61.12,61.12
2026-09-10,SH041-5,SH041,5,1,55.01,55.01
2026-09-11,SH009-6,SH009,6,1,36.65,36.65
2026-09-11,SH009-7,SH009,7,1,36.65,36.65
2026-09-11,SH009-9,SH009,9,1,36.65,36.65
2026-09-11,SH011-8,SH011,8,1,79.95,79.95
2026-09-11,SH025-7,SH025,7,1,33.31,33.31
2026-09-11,SH031-7,SH031,7,1,56.49,56.49
2026-09-11,SH033-5,SH033,5,1,61.51,61.51
2026-09-11,SH033-6,SH033,6,1,61.51,61.51
2026-09-11,SH033-8,SH033,8,1,68.35,68.35
2026-09-12,SH020-6,SH020,6,1,38.05,38.05
2026-09-12,SH025-7,SH025,7,1,29.98,29.98
2026-09-12,SH029-10,SH029,10,1,40.84,40.84
2026-09-12,SH039-5,SH039,5,1,48.77,48.77
2026-09-12,SH039-6,SH039,6,1,54.19,54.19
2026-09-12,SH041-7,SH041,7,1,55.01,55.01
2026-09-12,SH045-9,SH045,9,1,64.12,64.12
2026-09-12,SH049-7,SH049,7,1,65.98,65.98
2026-09-13,SH007-5,SH007,5,1,43.78,43.78
2026-09-13,SH015-7,SH015,7,1,35.84,35.84
2026-09-13,SH021-7,SH021,7,1,39.92,39.92
2026-09-13,SH023-7,SH023,7,1,59.23,59.23
2026-09-13,SH025-10,SH025,10,1,33.31,33.31
2026-09-13,SH025-7,SH025,7,1,33.31,33.31
2026-09-13,SH029-10,SH029,10,1,40.84,40.84
2026-09-13,SH029-9,SH029,9,1,36.76,36.76
2026-09-13,SH033-10,SH033,10,1,68.35,68.35
2026-09-13,SH045-6,SH045,6,1,71.25,71.25
2026-09-13,SH045-9,SH045,9,1,71.25,71.25
2026-09-13,SH047-8,SH047,8,1,43.76,43.76
2026-09-13,SH049-7,SH049,7,1,65.98,65.98
2026-09-14,SH003-10,SH003,10,1,50.3,50.3
2026-09-14,SH005-5,SH005,5,1,53.86,53.86
2026-09-14,SH009-8,SH009,8,1,32.98,32.98
2026-09-14,SH009-9,SH009,9,1,36.65,36.65
2026-09-14,SH025-5,SH025,5,1,33.31,33.31
2026-09-14,SH025-7,SH025,7,1,33.31,33.31
2026-09-14,SH035-8,SH035,8,1,83.36,83.36
2026-09-14,SH035-9,SH035,9,1,83.36,83.36
2026-09-14,SH037-9,SH037,9,1,45.03,45.03
2026-09-14,SH041-6,SH041,6,1,61.12,61.12
2026-09-14,SH045-8,SH045,8,1,71.25,71.25
2026-09-14,SH047-9,SH047,9,1,43.76,43.76
2026-09-14,SH049-7,SH049,7,1,59.38,59.38
2026-09-15,SH001-7,SH001,7,1,39.79,39.79
2026-09-15,SH005-5,SH005,5,1,48.47,48.47
2026-09-15,SH005-9,SH005,9,1,53.86,53.86
2026-09-15,SH031-8,SH031,8,1,62.77,62.77
2026-09-15,SH037-5,SH037,5,1,40.53,40.53
2026-09-15,SH039-8,SH039,8,1,54.19,54.19
2026-09-15,SH045-8,SH045,8,1,71.25,71.25
2026-09-16,SH001-10,SH001,10,1,39.79,39.79
2026-09-16,SH001-7,SH001,7,1,39.79,39.79
2026-09-16,SH009-5,SH009,5,1,36.65,36.65
2026-09-16,SH013-6,SH013,6,1,31.97,31.97
2026-09-16,SH013-7,SH013,7,1,31.97,31.97
2026-09-16,SH013-8,SH013,8,1,31.97,31.97
2026-09-16,SH013-9,SH013,9,1,28.77,28.77
2026-09-16,SH021-6,SH021,6,1,44.36,44.36
2026-09-16,SH021-9,SH021,9,1,44.36,44.36
2026-09-16,SH024-7,SH024,7,1,47.21,47.21
2026-09-16,SH025-7,SH025,7,1,33.31,33.31
2026-09-16,SH031-10,SH031,10,1,56.49,56.49
2026-09-16,SH031-7,SH031,7,1,62.77,62.77
2026-09-16,SH033-10,SH033,10,1,68.35,68.35
2026-09-16,SH037-8,SH037,8,1,45.03,45.03
2026-09-16,SH041-7,SH041,7,1,61.12,61.12
2026-09-17,SH005-6,SH005,6,1,53.86,53.86
2026-09-17,SH005-7,SH005,7,1,53.86,53.86
2026-09-17,SH009-8,SH009,8,1,36.65,36.65
2026-09-17,SH009-9,SH009,9,1,36.65,36.65
2026-09-17,SH011-5,SH011,5,1,71.95,71.95
2026-09-17,SH017-6,SH017,6,1,70.1,70.1
2026-09-17,SH025-10,SH025,10,1,33.31,33.31
2026-09-17,SH025-6,SH025,6,1,33.31,33.31
2026-09-17,SH029-10,SH029,10,1,36.76,36.76
2026-09-17,SH031-6,SH031,6,1,62.77,62.77
2026-09-17,SH039-8,SH039,8,1,54.19,54.19
2026-09-17,SH041-7,SH041,7,1,61.12,61.12
2026-09-17,SH041-8,SH041,8,1,55.01,55.01
2026-09-17,SH045-6,SH045,6,1,71.25,71.25
2026-09-17,SH049-7,SH049,7,1,65.98,65.98
2026-09-17,SH049-8,SH049,8,1,65.98,65.98
2026-09-18,SH009-8,SH009,8,1,36.65,36.65
2026-09-18,SH017-5,SH017,5,1,70.1,70.1
2026-09-18,SH017-9,SH017,9,1,70.1,70.1
2026-09-18,SH024-7,SH024,7,1,52.46,52.46
2026-09-18,SH027-7,SH027,7,1,70.68,70.68
2026-09-18,SH031-5,SH031,5,1,62.77,62.77
2026-09-18,SH033-6,SH033,6,1,68.35,68.35
2026-09-18,SH033-9,SH033,9,1,68.35,68.35
2026-09-18,SH045-8,SH045,8,1,64.12,64.12
2026-09-19,SH001-10,SH001,10,1,39.79,39.79
2026-09-19,SH001-6,SH001,6,1,35.81,35.81
2026-09-19,SH001-7,SH001,7,1,39.79,39.79
2026-09-19,SH001-9,SH001,9,1,39.79,39.79
2026-09-19,SH005-10,SH005,10,1,53.86,53.86
2026-09-19,SH005-5,SH005,5,1,53.86,53.86
2026-09-19,SH005-8,SH005,8,1,48.47,48.47
2026-09-19,SH005-9,SH005,9,1,53.86,53.86
2026-09-19,SH007-7,SH007,7,1,43.78,43.78
2026-09-19,SH021-7,SH021,7,1,44.36,44.36
2026-09-19,SH021-8,SH021,8,1,39.92,39.92
2026-09-19,SH025-5,SH025,5,1,33.31,33.31
2026-09-19,SH029-5,SH029,5,1,36.76,36.76
2026-09-19,SH029-9,SH029,9,1,40.84,40.84
2026-09-19,SH035-7,SH035,7,1,75.02,75.02
2026-09-19,SH041-8,SH041,8,1,61.12,61.12
2026-09-19,SH049-8,SH049,8,1,65.98,65.98
2026-09-20,SH001-5,SH001,5,1,39.79,39.79
2026-09-20,SH005-10,SH005,10,1,53.86,53.86
2026-09-20,SH005-8,SH005,8,1,53.86,53.86
2026-09-20,SH009-10,SH009,10,1,36.65,36.65
2026-09-20,SH009-6,SH009,6,1,36.65,36.65
2026-09-20,SH021-9,SH021,9,1,44.36,44.36
2026-09-20,SH025-6,SH025,6,1,29.98,29.98
2026-09-20,SH039-6,SH039,6,1,54.19,54.19
2026-09-20,SH041-7,SH041,7,1,61.12,61.12
2026-09-20,SH045-9,SH045,9,1,71.25,71.25
2026-09-21,SH005-7,SH005,7,1,53.86,53.86
2026-09-21,SH005-9,SH005,9,1,53.86,53.86
2026-09-21,SH012-7,SH012,7,1,51.88,51.88
2026-09-21,SH013-8,SH013,8,1,28.77,28.77
2026-09-21,SH017-5,SH017,5,1,70.1,70.1
2026-09-21,SH017-7,SH017,7,1,70.1,70.1
2026-09-21,SH017-8,SH017,8,1,70.1,70.1
2026-09-21,SH028-10,SH028,10,1,41.61,41.61
2026-09-21,SH033-8,SH033,8,1,68.35,68.35
2026-09-21,SH033-9,SH033,9,1,68.35,68.35
2026-09-21,SH035-5,SH035,5,1,83.36,83.36
2026-09-21,SH037-7,SH037,7,1,45.03,45.03
2026-09-21,SH041-7,SH041,7,1,61.12,61.12
2026-09-21,SH045-6,SH045,6,1,71.25,71.25
2026-09-21,SH047-8,SH047,8,1,43.76,43.76
2026-09-22,SH001-8,SH001,8,1,39.79,39.79
2026-09-22,SH005-5,SH005,5,1,53.86,53.86
2026-09-22,SH005-8,SH005,8,1,53.86,53.86
2026-09-22,SH009-8,SH009,8,1,32.98,32.98
2026-09-22,SH015-5,SH015,5,1,35.84,35.84
2026-09-22,SH017-7,SH017,7,1,63.09,63.09
2026-09-22,SH021-6,SH021,6,1,39.92,39.92
2026-09-22,SH021-8,SH021,8,1,44.36,44.36
2026-09-22,SH025-7,SH025,7,1,33.31,33.31
2026-09-22,SH027-10,SH027,10,1,78.53,78.53
2026-09-22,SH029-7,SH029,7,1,40.84,40.84
2026-09-22,SH033-6,SH033,6,1,61.51,61.51
2026-09-22,SH033-9,SH033,9,1,68.35,68.35
2026-09-22,SH035-8,SH035,8,1,83.36,83.36
2026-09-22,SH037-6,SH037,6,1,45.03,45.03
2026-09-22,SH045-8,SH045,8,1,71.25,71.25
2026-09-22,SH049-6,SH049,6,1,59.38,59.38
2026-09-23,SH001-9,SH001,9,1,39.79,39.79
2026-09-23,SH013-6,SH013,6,1,31.97,31.97
2026-09-23,SH017-9,SH017,9,1,63.09,63.09
2026-09-23,SH019-8,SH019,8,1,62.96,62.96
2026-09-23,SH021-7,SH021,7,1,44.36,44.36
2026-09-23,SH023-10,SH023,10,1,59.23,59.23
2026-09-23,SH025-7,SH025,7,1,33.31,33.31
2026-09-23,SH025-8,SH025,8,1,29.98,29.98
2026-09-23,SH029-6,SH029,6,1,36.76,36.76
2026-09-23,SH029-7,SH029,7,1,36.76,36.76
2026-09-23,SH031-9,SH031,9,1,62.77,62.77
2026-09-23,SH033-8,SH033,8,1,68.35,68.35
2026-09-23,SH037-8,SH037,8,1,45.03,45.03
2026-09-23,SH045-6,SH045,6,1,71.25,71.25
2026-09-24,SH001-8,SH001,8,1,39.79,39.79
2026-09-24,SH005-8,SH005,8,1,53.86,53.86
2026-09-24,SH009-7,SH009,7,1,32.98,32.98
2026-09-24,SH017-10,SH017,10,1,63.09,63.09
2026-09-24,SH017-6,SH017,6,1,63.09,63.09
2026-09-24,SH017-9,SH017,9,1,70.1,70.1
2026-09-24,SH023-8,SH023,8,1,59.23,59.23
2026-09-24,SH025-9,SH025,9,1,29.98,29.98
2026-09-24,SH027-7,SH027,7,1,78.53,78.53
2026-09-24,SH037-8,SH037,8,1,45.03,45.03
2026-09-24,SH041-8,SH041,8,1,61.12,61.12
2026-09-24,SH041-9,SH041,9,1,61.12,61.12
2026-09-24,SH045-5,SH045,5,1,71.25,71.25
2026-09-24,SH047-8,SH047,8,1,43.76,43.76
2026-09-24,SH049-7,SH049,7,1,65.98,65.98
2026-09-25,SH003-8,SH003,8,1,45.27,45.27
2026-09-25,SH009-7,SH009,7,1,36.65,36.65
2026-09-25,SH025-6,SH025,6,1,33.31,33.31
2026-09-25,SH025-8,SH025,8,1,33.31,33.31
2026-09-25,SH027-8,SH027,8,1,70.68,70.68
2026-09-25,SH033-7,SH033,7,1,61.51,61.51
2026-09-25,SH033-8,SH033,8,1,61.51,61.51
2026-09-25,SH037-6,SH037,6,1,40.53,40.53
2026-09-25,SH037-9,SH037,9,1,45.03,45.03
2026-09-25,SH047-7,SH047,7,1,39.38,39.38
2026-09-26,SH001-8,SH001,8,1,39.79,39.79
2026-09-26,SH005-7,SH005,7,1,53.86,53.86
2026-09-26,SH013-10,SH013,10,1,31.97,31.97
2026-09-26,SH013-8,SH013,8,1,31.97,31.97
2026-09-26,SH025-5,SH025,5,1,33.31,33.31
2026-09-26,SH032-7,SH032,7,1,80.52,80.52
2026-09-26,SH037-6,SH037,6,1,45.03,45.03
2026-09-26,SH037-8,SH037,8,1,45.03,45.03
2026-09-26,SH041-10,SH041,10,1,61.12,61.12
2026-09-26,SH041-5,SH041,5,1,61.12,61.12
2026-09-26,SH041-9,SH041,9,1,61.12,61.12
2026-09-26,SH047-5,SH047,5,1,39.38,39.38
2026-09-26,SH049-7,SH049,7,1,65.98,65.98
2026-09-27,SH005-7,SH005,7,1,53.86,53.86
2026-09-27,SH005-9,SH005,9,1,53.86,53.86
2026-09-27,SH009-10,SH009,10,1,36.65,36.65
2026-09-27,SH009-5,SH009,5,1,36.65,36.65
2026-09-27,SH019-5,SH019,5,1,69.95,69.95
2026-09-27,SH021-10,SH021,10,1,44.36,44.36
2026-09-27,SH021-9,SH021,9,1,44.36,44.36
2026-09-27,SH025-9,SH025,9,1,33.31,33.31
2026-09-27,SH029-7,SH029,7,1,40.84,40.84
2026-09-27,SH033-7,SH033,7,1,68.35,68.35
2026-09-27,SH037-7,SH037,7,1,45.03,45.03
2026-09-27,SH037-9,SH037,9,1,40.53,40.53
2026-09-27,SH045-6,SH045,6,1,71.25,71.25
2026-09-27,SH045-7,SH045,7,1,71.25,71.25
2026-09-27,SH045-8,SH045,8,1,71.25,71.25
2026-09-28,SH009-6,SH009,6,1,36.65,36.65
2026-09-28,SH017-9,SH017,9,1,63.09,63.09
2026-09-28,SH019-8,SH019,8,1,69.95,69.95
2026-09-28,SH021-5,SH021,5,1,44.36,44.36
2026-09-28,SH021-8,SH021,8,1,44.36,44.36
2026-09-28,SH025-7,SH025,7,1,29.98,29.98
2026-09-28,SH037-10,SH037,10,1,45.03,45.03
2026-09-28,SH037-7,SH037,7,1,45.03,45.03
2026-09-28,SH039-8,SH039,8,1,54.19,54.19
2026-09-28,SH041-7,SH041,7,1,61.12,61.12
2026-09-28,SH049-10,SH049,10,1,59.38,59.38
2026-09-28,SH049-5,SH049,5,1,65.98,65.98
2026-09-29,SH001-6,SH001,6,1,39.79,39.79
2026-09-29,SH001-7,SH001,7,1,39.79,39.79
2026-09-29,SH001-8,SH001,8,1,35.81,35.81
2026-09-29,SH007-6,SH007,6,1,43.78,43.78
2026-09-29,SH009-9,SH009,9,1,36.65,36.65
2026-09-29,SH013-9,SH013,9,1,31.97,31.97
2026-09-29,SH025-7,SH025,7,1,29.98,29.98
2026-09-29,SH025-8,SH025,8,1,33.31,33.31
2026-09-29,SH032-8,SH032,8,1,80.52,80.52
2026-09-29,SH033-7,SH033,7,1,61.51,61.51
2026-09-29,SH033-9,SH033,9,1,68.35,68.35
2026-09-29,SH037-6,SH037,6,1,45.03,45.03
2026-09-29,SH037-7,SH037,7,1,45.03,45.03
2026-09-29,SH041-8,SH041,8,1,55.01,55.01
2026-09-29,SH049-9,SH049,9,1,65.98,65.98
2026-09-30,SH003-9,SH003,9,1,50.3,50.3
2026-09-30,SH007-8,SH007,8,1,39.4,39.4
2026-09-30,SH011-6,SH011,6,1,79.95,79.95
2026-09-30,SH013-5,SH013,5,1,31.97,31.97
2026-09-30,SH013-7,SH013,7,1,31.97,31.97
2026-09-30,SH013-8,SH013,8,1,31.97,31.97
2026-09-30,SH015-7,SH015,7,1,35.84,35.84
2026-09-30,SH017-8,SH017,8,1,70.1,70.1
2026-09-30,SH021-6,SH021,6,1,44.36,44.36
2026-09-30,SH023-6,SH023,6,1,53.31,53.31
2026-09-30,SH023-9,SH023,9,1,59.23,59.23
2026-09-30,SH033-10,SH033,10,1,68.35,68.35
2026-09-30,SH033-7,SH033,7,1,68.35,68.35
2026-09-30,SH037-6,SH037,6,1,45.03,45.03
2026-09-30,SH037-8,SH037,8,1,40.53,40.53
2026-09-30,SH043-6,SH043,6,1,91.55,91.55
2026-09-30,SH049-10,SH049,10,1,65.98,65.98
2026-09-30,SH049-8,SH049,8,1,65.98,65.98
2026-09-30,SH049-9,SH049,9,1,59.38,59.38
2026-10-01,SH005-5,SH005,5,1,53.86,53.86
2026-10-01,SH008-9,SH008,9,1,28.52,28.52
2026-10-01,SH011-7,SH011,7,1,79.95,79.95
2026-10-01,SH023-10,SH023,10,1,59.23,59.23
2026-10-01,SH029-8,SH029,8,1,40.84,40.84
2026-10-01,SH033-7,SH033,7,1,68.35,68.35
2026-10-01,SH037-7,SH037,7,1,45.03,45.03
2026-10-01,SH037-8,SH037,8,1,45.03,45.03
2026-10-01,SH041-8,SH041,8,1,55.01,55.01
2026-10-01,SH045-7,SH045,7,1,71.25,71.25
2026-10-02,SH001-7,SH001,7,1,39.79,39.79
2026-10-02,SH003-9,SH003,9,1,45.27,45.27
2026-10-02,SH005-7,SH005,7,1,53.86,53.86
2026-10-02,SH005-8,SH005,8,1,53.86,53.86
2026-10-02,SH009-9,SH009,9,1,32.98,32.98
2026-10-02,SH013-6,SH013,6,1,31.97,31.97
2026-10-02,SH013-8,SH013,8,1,28.77,28.77
2026-10-02,SH021-7,SH021,7,1,44.36,44.36
2026-10-02,SH025-6,SH025,6,1,33.31,33.31
2026-10-02,SH027-7,SH027,7,1,78.53,78.53
2026-10-02,SH027-9,SH027,9,1,70.68,70.68
2026-10-02,SH029-8,SH029,8,1,40.84,40.84
2026-10-02,SH029-9,SH029,9,1,40.84,40.84
2026-10-02,SH031-6,SH031,6,1,62.77,62.77
2026-10-02,SH037-7,SH037,7,1,45.03,45.03
2026-10-02,SH041-6,SH041,6,1,61.12,61.12
2026-10-03,SH001-7,SH001,7,1,35.81,35.81
2026-10-03,SH003-7,SH003,7,1,45.27,45.27
2026-10-03,SH005-6,SH005,6,1,48.47,48.47
2026-10-03,SH005-9,SH005,9,1,53.86,53.86
2026-10-03,SH008-8,SH008,8,1,28.52,28.52
2026-10-03,SH017-7,SH017,7,1,70.1,70.1
2026-10-03,SH017-9,SH017,9,1,70.1,70.1
2026-10-03,SH019-7,SH019,7,1,62.96,62.96
2026-10-03,SH019-8,SH019,8,1,69.95,69.95
2026-10-03,SH021-8,SH021,8,1,44.36,44.36
2026-10-03,SH021-9,SH021,9,1,44.36,44.36
2026-10-03,SH029-10,SH029,10,1,40.84,40.84
2026-10-03,SH029-7,SH029,7,1,40.84,40.84
2026-10-03,SH037-9,SH037,9,1,45.03,45.03
2026-10-03,SH041-8,SH041,8,1,61.12,61.12
2026-10-03,SH045-7,SH045,7,1,71.25,71.25
2026-10-03,SH049-8,SH049,8,1,59.38,59.38
2026-10-04,SH001-9,SH001,9,1,39.79,39.79
2026-10-04,SH005-8,SH005,8,1,53.86,53.86
2026-10-04,SH005-9,SH005,9,1,53.86,53.86
2026-10-04,SH009-5,SH009,5,1,36.65,36.65
2026-10-04,SH009-6,SH009,6,1,36.65,36.65
2026-10-04,SH013-10,SH013,10,1,31.97,31.97
2026-10-04,SH025-8,SH025,8,1,33.31,33.31
2026-10-04,SH029-8,SH029,8,1,40.84,40.84
2026-10-04,SH031-9,SH031,9,1,62.77,62.77
2026-10-04,SH033-8,SH033,8,1,68.35,68.35
2026-10-04,SH035-8,SH035,8,1,83.36,83.36
2026-10-04,SH037-5,SH037,5,1,40.53,40.53
2026-10-04,SH037-8,SH037,8,1,40.53,40.53
2026-10-04,SH039-7,SH039,7,1,54.19,54.19
2026-10-04,SH041-7,SH041,7,1,61.12,61.12
2026-10-04,SH041-8,SH041,8,1,61.12,61.12
2026-10-04,SH045-5,SH045,5,1,71.25,71.25
2026-10-05,SH005-10,SH005,10,1,53.86,53.86
2026-10-05,SH009-5,SH009,5,1,32.98,32.98
2026-10-05,SH013-8,SH013,8,1,31.97,31.97
2026-10-05,SH023-9,SH023,9,1,53.31,53.31
2026-10-05,SH025-6,SH025,6,1,33.31,33.31
2026-10-05,SH033-9,SH033,9,1,68.35,68.35
2026-10-05,SH035-7,SH035,7,1,83.36,83.36
2026-10-05,SH037-5,SH037,5,1,45.03,45.03
2026-10-05,SH041-6,SH041,6,1,55.01,55.01
2026-10-05,SH041-9,SH041,9,1,61.12,61.12
2026-10-05,SH045-7,SH045,7,1,71.25,71.25
2026-10-05,SH049-7,SH049,7,1,65.98,65.98
2026-10-06,SH001-8,SH001,8,1,39.79,39.79
2026-10-06,SH005-7,SH005,7,1,53.86,53.86
2026-10-06,SH009-9,SH009,9,1,36.65,36.65
2026-10-06,SH013-6,SH013,6,1,28.77,28.77
2026-10-06,SH017-6,SH017,6,1,70.1,70.1
2026-10-06,SH017-8,SH017,8,1,70.1,70.1
2026-10-06,SH021-5,SH021,5,1,44.36,44.36
2026-10-06,SH021-8,SH021,8,1,44.36,44.36
2026-10-06,SH025-5,SH025,5,1,29.98,29.98
2026-10-06,SH029-5,SH029,5,1,36.76,36.76
2026-10-06,SH029-8,SH029,8,1,40.84,40.84
2026-10-06,SH033-8,SH033,8,1,68.35,68.35
2026-10-06,SH037-8,SH037,8,1,45.03,45.03
2026-10-06,SH041-10,SH041,10,1,55.01,55.01
2026-10-06,SH041-8,SH041,8,1,61.12,61.12
2026-10-06,SH045-8,SH045,8,1,71.25,71.25
2026-10-06,SH049-7,SH049,7,1,65.98,65.98
